	DAPI_2	DAPI_3	GABA	GAD2	Gephyrin	GluN1	MBP	TdTomato	VGlut1	psd95	synapsin
0	152	141	114	42	71	156	80	126	75	30	96
1	174	204	326	216	237	334	3	389	214	56	250
2	200	381	350	332	27	278	398	227	62	15	122
3	135	98	88	102	131	236	0	189	112	264	94
4	168	155	92	137	50	125	0	75	119	112	173
5	162	533	94	103	19	218	1578	157	126	36	129
6	213	124	4	44	89	345	0	936	129	89	192
7	134	172	131	124	62	203	0	93	76	112	119
8	191	196	328	118	141	220	0	236	236	139	339
9	142	379	57	81	49	187	1054	161	123	49	149
10	122	62	0	86	72	293	0	657	211	237	312
11	148	122	116	189	62	290	83	360	142	316	302
12	150	252	66	51	457	128	559	98	71	67	187
13	165	104	12	40	434	127	18	200	154	11	226
14	85	48	18	87	86	126	0	547	216	39	228
15	156	140	43	139	64	245	0	609	202	188	170
16	210	154	83	297	55	304	0	537	197	36	195
17	145	111	29	44	133	335	0	447	164	125	123
18	156	183	147	245	283	372	0	487	114	115	93
19	165	112	30	229	32	232	0	281	146	431	230
20	173	125	4	55	119	243	0	395	192	111	72
21	106	107	51	237	152	204	119	516	192	92	75
22	213	210	8	124	216	165	387	185	94	59	57
23	115	134	216	163	91	227	0	172	171	61	63
24	183	142	133	122	56	96	0	99	325	194	304
25	99	146	15	180	170	134	431	446	61	84	38
26	159	128	268	352	67	323	0	565	183	262	119
27	161	137	75	84	37	282	2	179	164	395	397
28	139	259	4	5	85	97	705	110	80	23	37
29	116	241	11	104	53	120	498	63	54	36	106
30	182	172	59	172	87	308	0	940	177	192	323
31	152	87	15	53	139	199	0	254	162	181	180
32	110	122	353	572	30	415	0	517	108	146	131
33	165	100	0	58	44	270	0	226	167	148	84
34	171	166	32	184	61	235	0	193	242	146	160
35	132	121	2	6	31	69	286	163	50	76	85
36	137	421	301	544	201	274	1216	256	206	54	131
37	178	145	4	130	85	393	0	1197	96	72	133
38	126	190	541	302	252	261	0	721	110	21	125
39	158	100	0	38	59	238	0	234	186	125	73
40	221	111	10	77	65	184	0	319	177	145	185
41	212	246	136	328	66	492	0	656	111	44	126
42	220	139	104	334	91	418	0	888	173	306	133
43	102	151	260	401	232	256	3	244	208	71	209
44	190	138	44	154	118	211	0	345	237	182	270
45	135	120	13	58	73	164	0	73	253	66	56
46	270	532	115	138	41	173	1556	393	101	119	41
47	140	106	52	47	41	93	12	139	115	84	167
48	142	226	659	125	119	252	0	662	226	454	88
49	268	199	160	178	74	204	0	156	89	64	88
50	155	104	46	41	257	250	0	401	238	102	211
51	130	75	10	29	71	87	0	158	153	70	183
52	125	93	9	116	95	187	0	158	321	163	140
53	118	489	3	19	57	112	1605	90	130	48	31
54	110	90	10	16	65	112	0	136	106	98	25
55	146	420	12	36	90	195	1531	331	169	61	118
56	200	164	159	112	131	209	0	283	55	131	109
57	144	119	63	150	84	305	0	598	98	182	168
58	222	199	26	107	96	266	174	425	217	303	545
59	170	101	14	128	55	197	0	379	153	143	176
60	108	91	146	173	45	245	0	518	356	245	256
61	136	195	167	213	418	144	243	145	283	272	112
62	141	82	2	136	70	252	0	530	185	118	71
63	165	158	179	94	113	208	58	296	119	114	259
64	128	134	198	255	102	238	0	272	145	176	82
65	210	323	6	154	54	214	814	345	103	86	279
66	143	105	0	115	85	254	0	733	214	152	119
67	146	361	635	152	66	269	0	293	114	45	88
68	142	232	314	169	50	179	0	391	144	74	131
69	158	134	93	166	106	217	0	246	220	119	219
70	152	212	104	166	62	190	373	141	70	97	148
71	160	132	119	261	52	519	0	425	221	147	162
72	146	279	69	364	60	407	551	429	285	89	245
73	198	133	192	512	42	286	0	372	198	171	126
74	679	449	40	90	86	283	0	290	100	38	279
75	145	547	2	41	81	66	1875	113	131	120	120
76	297	177	6	138	67	288	0	549	237	46	394
77	184	207	86	81	155	151	336	198	106	38	144
78	129	182	53	171	132	377	0	383	343	300	597
79	229	105	30	155	31	264	0	1031	172	145	120
80	190	206	11	225	172	217	228	301	96	73	312
81	159	199	17	72	85	99	320	54	76	203	53
82	235	143	39	77	89	402	0	996	187	112	222
83	156	107	21	252	61	338	0	703	250	437	494
84	138	222	373	299	92	319	139	554	123	6	153
85	193	514	411	432	124	350	1161	289	185	105	98
86	173	129	75	169	61	241	0	618	211	270	57
87	143	160	11	66	27	92	137	50	122	75	179
88	121	130	21	37	77	246	0	130	152	165	160
89	142	95	64	22	78	87	0	106	85	82	111
90	125	190	286	261	130	278	76	586	218	107	171
91	156	250	30	233	326	420	886	961	157	52	521
92	186	145	16	64	135	667	0	702	247	310	443
93	206	130	28	72	73	266	0	717	193	57	186
94	166	210	408	385	89	340	116	779	88	65	101
95	236	266	633	419	114	585	0	608	163	42	151
96	222	315	790	655	135	556	0	307	103	22	141
97	183	156	183	507	39	537	0	983	195	293	229
98	169	112	8	172	79	237	0	410	138	112	111
99	158	171	273	191	74	324	0	239	201	138	128
100	156	102	72	174	59	196	0	507	64	80	126
101	164	491	1024	459	537	562	916	363	223	93	362
102	144	149	41	146	63	102	159	13	174	63	186
103	216	117	15	74	60	304	0	411	172	119	182
104	170	230	10	6	275	78	479	34	230	91	87
105	161	286	635	388	57	303	0	375	147	190	100
106	152	283	253	616	492	524	680	203	181	51	145
107	193	175	263	436	46	347	0	411	144	66	103
108	231	203	17	51	47	189	264	216	133	35	97
109	168	119	14	373	158	451	0	743	135	69	194
110	156	118	68	328	303	317	84	448	151	122	139
111	132	950	581	239	114	190	2886	16	116	113	65
112	95	138	157	402	83	321	0	383	33	65	117
113	110	75	67	380	69	234	10	353	81	90	57
114	127	116	94	192	210	85	0	40	168	88	91
115	126	102	0	37	84	137	57	179	78	152	81
116	129	300	52	62	66	61	642	6	99	40	131
117	114	97	0	72	79	132	6	275	118	92	37
118	222	106	18	57	81	244	0	489	166	183	79
119	165	219	127	145	169	183	289	233	104	133	50
120	124	115	29	182	200	189	0	356	163	206	114
121	199	336	792	620	224	505	66	569	134	65	277
122	134	136	275	233	48	102	0	11	149	53	224
123	116	84	17	70	46	168	0	295	209	116	372
124	135	105	0	27	90	106	0	278	77	52	102
125	145	191	348	325	96	411	0	545	88	99	158
126	135	184	233	185	51	168	0	508	105	92	198
127	186	141	51	71	83	265	0	413	135	35	97
128	153	298	311	611	84	315	624	422	168	158	118
129	121	301	217	88	19	109	728	15	112	55	54
130	154	146	169	198	271	250	2	399	108	51	84
131	163	141	115	140	192	277	0	496	164	149	72
132	172	233	155	26	86	69	344	5	143	46	115
133	112	187	11	23	76	367	277	283	191	214	109
134	127	120	29	68	113	56	0	108	107	61	60
135	143	155	234	368	136	469	0	701	148	123	149
136	198	187	143	257	101	337	0	526	154	190	161
137	111	174	4	32	63	370	232	418	188	159	128
138	190	138	36	36	72	138	101	70	112	112	29
139	261	288	135	65	386	352	410	528	162	42	138
140	137	202	65	149	56	194	470	549	183	40	322
141	132	163	128	155	151	179	0	187	305	89	123
142	138	174	8	22	152	107	210	19	182	135	140
143	172	161	182	315	82	175	0	47	226	101	307
144	186	131	98	116	162	284	0	416	225	189	96
145	110	164	61	38	64	310	160	430	175	167	123
146	167	121	104	57	51	182	0	325	195	92	211
147	191	118	130	115	93	369	0	552	82	4	189
148	143	242	529	145	118	114	0	41	93	57	39
149	157	210	220	292	155	319	169	523	191	27	199
150	205	191	154	175	97	276	248	331	193	219	100
151	173	103	40	111	123	435	0	214	228	135	134
152	187	155	2	84	264	297	159	455	243	134	97
153	124	169	121	120	71	148	292	258	83	78	29
154	127	387	4	110	74	162	895	124	53	79	43
155	159	151	243	152	161	255	0	562	214	156	298
156	150	146	213	252	77	219	0	323	188	179	219
157	142	113	10	192	47	250	0	277	259	195	434
158	112	137	135	150	82	189	7	559	164	225	167
159	164	132	151	279	184	347	0	220	134	146	48
160	152	232	10	125	38	250	357	290	157	67	391
161	195	385	324	463	95	411	725	405	219	5	160
162	318	252	124	142	45	306	312	457	214	45	97
163	176	264	45	86	40	230	557	281	186	83	152
164	171	165	200	141	46	370	0	351	167	6	72
165	185	253	411	595	68	293	0	160	235	99	196
166	141	233	491	114	50	220	0	3	112	3	95
167	140	224	45	71	67	225	565	285	220	83	148
168	172	255	528	253	65	326	0	347	106	13	79
169	152	157	85	110	168	305	103	441	135	141	146
170	154	89	4	250	67	333	0	301	258	304	249
171	161	110	61	131	102	142	0	103	198	193	216
172	110	191	448	638	101	326	0	722	151	90	104
173	183	253	259	76	121	346	201	436	156	209	86
174	173	193	473	259	63	246	0	117	209	192	262
175	164	123	17	60	57	133	0	32	83	53	59
176	144	138	71	224	47	128	0	157	154	20	44
177	144	202	487	273	81	253	0	107	215	211	231
178	127	152	58	72	662	299	191	188	246	114	302
179	214	229	267	92	124	262	96	374	227	184	86
180	192	124	0	59	60	229	0	247	253	225	49
181	165	158	129	203	31	220	89	299	150	58	100
182	239	333	229	299	52	223	631	154	120	97	148
183	128	117	44	59	52	169	0	215	145	200	104
184	158	226	324	187	82	150	0	46	217	32	160
185	111	134	107	210	66	242	213	397	136	101	68
186	190	107	48	230	30	282	7	200	166	62	74
187	197	145	63	64	81	111	0	66	70	105	100
188	201	150	79	164	90	295	98	396	120	143	94
189	121	57	20	106	111	321	0	493	87	0	134
190	190	124	58	162	112	195	0	378	93	104	71
191	171	119	32	280	61	152	0	100	140	136	126
192	140	131	173	790	131	445	0	751	153	199	298
193	166	240	184	273	38	261	210	231	151	208	68
194	169	138	141	144	175	105	0	37	86	23	140
195	182	153	13	54	76	180	286	397	178	113	153
196	180	152	34	84	270	303	0	541	114	121	62
197	182	134	10	149	99	321	0	188	89	97	43
198	143	226	377	384	49	223	0	229	278	268	69
199	169	124	8	45	20	74	0	41	90	85	109
200	109	97	23	152	553	350	0	750	116	69	119
201	178	137	181	733	109	576	0	1052	104	153	305
202	136	98	82	129	101	143	0	873	179	57	68
203	183	154	128	176	119	389	0	62	116	83	186
204	156	131	18	153	49	181	0	239	225	290	162
205	121	125	42	126	85	325	0	609	48	250	47
206	188	104	92	297	107	362	0	574	114	124	186
207	249	123	94	182	91	448	0	677	210	8	63
208	155	151	111	216	68	138	0	323	78	31	95
209	174	80	24	382	98	207	0	390	185	263	83
210	166	136	42	121	98	180	256	409	89	236	156
211	153	164	95	227	53	192	0	105	212	130	197
212	135	160	166	103	219	282	0	811	226	98	242
213	117	122	0	23	99	129	0	200	71	156	109
214	129	87	5	181	46	201	0	514	243	161	114
215	126	139	60	64	73	175	0	91	57	57	159
216	141	135	106	103	194	188	0	488	163	61	223
217	127	89	0	69	39	271	0	245	98	209	93
218	191	130	23	53	38	365	0	463	88	142	123
219	147	154	99	150	150	256	23	165	351	247	348
220	113	144	88	54	21	123	0	118	29	53	157
221	142	140	39	79	66	251	0	294	169	148	229
222	157	129	0	69	121	193	0	265	115	88	124
223	126	177	226	181	61	278	27	392	168	60	97
224	151	170	176	313	142	185	0	220	152	167	177
225	128	72	41	163	56	196	0	345	142	136	98
226	178	262	592	209	85	342	72	440	85	48	68
227	126	102	0	84	42	195	0	179	106	236	87
228	138	115	87	57	115	253	0	740	207	30	89
229	112	155	131	53	30	65	0	104	57	36	88
230	132	155	203	137	96	334	0	276	58	124	104
231	151	189	218	169	94	177	0	232	193	178	78
232	124	110	80	116	81	264	0	650	224	501	269
233	111	131	31	129	75	310	0	154	152	154	161
234	173	133	20	82	107	229	0	150	98	141	84
235	124	132	53	225	895	140	0	184	216	115	396
236	116	182	250	217	180	301	0	212	139	207	103
237	165	118	20	137	63	208	108	437	172	147	276
238	129	169	63	102	127	354	351	494	155	142	189
239	90	73	8	86	74	171	0	601	50	87	124
240	197	237	129	162	91	323	286	239	127	228	152
241	165	121	8	226	54	343	0	750	240	143	263
242	127	119	6	129	74	260	0	587	148	85	274
243	235	299	446	59	1006	316	25	320	323	69	329
244	135	173	399	183	162	59	0	12	157	74	314
245	224	437	769	307	69	525	723	471	99	177	61
246	297	307	187	175	180	264	154	355	262	334	280
247	141	114	25	216	57	287	0	649	168	94	187
248	161	108	21	66	144	259	0	204	110	56	42
249	137	93	2	83	44	203	0	26	184	141	80
250	166	137	106	148	69	315	0	582	154	110	67
251	176	94	69	99	74	322	0	648	234	57	187
252	213	212	271	160	109	229	0	324	217	55	140
253	127	176	313	108	95	257	0	267	352	146	199
254	168	187	179	175	97	268	0	388	221	120	97
255	179	158	6	179	58	298	0	174	58	187	128
256	190	286	342	231	40	265	420	174	58	128	64
257	141	144	151	169	196	323	0	689	246	147	312
258	174	165	82	162	111	186	124	205	139	171	160
259	138	211	175	40	49	92	0	45	140	48	73
260	181	108	78	125	171	237	29	352	432	130	288
261	90	191	399	399	213	276	0	909	158	149	169
262	208	278	677	252	122	288	0	710	119	76	65
263	233	171	110	203	37	422	0	287	148	171	142
264	164	174	19	165	101	136	164	283	138	188	89
265	228	134	13	183	46	438	18	1005	204	279	220
266	156	152	8	49	68	231	0	618	90	43	238
267	140	131	65	92	75	247	0	269	219	195	159
268	158	213	6	56	85	177	433	248	135	225	143
269	200	272	313	264	82	356	0	245	179	110	173
270	142	107	14	40	55	325	0	434	91	85	53
271	121	161	64	121	80	183	68	97	59	81	143
272	151	180	21	32	48	125	0	174	185	3	102
273	172	116	14	147	41	307	0	822	116	135	92
274	134	186	573	205	141	357	0	574	482	136	240
275	146	160	27	179	67	261	0	394	161	148	159
276	142	104	107	205	77	286	0	852	210	191	227
277	173	177	228	895	50	513	0	509	162	37	96
278	200	227	29	125	53	201	387	376	176	352	168
279	172	134	20	77	58	250	0	199	302	263	360
280	78	103	22	100	164	210	0	825	198	155	349
281	155	106	91	288	136	260	0	334	269	260	244
282	136	109	27	115	50	198	0	327	130	116	126
283	127	119	23	83	59	116	0	36	178	46	246
284	541	428	26	105	168	129	0	799	248	72	349
285	162	221	15	71	53	156	535	271	129	104	75
286	211	155	73	203	97	256	0	367	84	256	138
287	124	150	58	77	57	140	26	51	134	55	154
288	178	163	360	262	78	420	0	1374	282	177	275
289	210	176	179	86	144	235	0	318	121	179	108
290	187	264	592	686	118	553	0	278	159	39	97
291	99	108	13	37	149	66	0	10	144	75	59
292	172	130	126	384	209	360	0	184	209	198	227
293	144	240	26	59	92	202	681	495	143	24	126
294	144	213	87	179	34	155	502	88	75	43	64
295	149	153	147	105	97	170	170	406	104	39	120
296	143	193	0	27	106	114	189	81	212	89	48
297	157	173	78	68	103	171	83	260	141	187	84
298	158	198	279	391	106	250	0	281	191	23	107
299	167	333	465	86	21	85	629	14	82	59	86
300	152	142	31	165	118	490	0	502	177	106	167
301	213	207	198	145	122	252	265	681	106	62	78
302	174	170	422	541	67	341	0	377	132	116	107
303	147	212	224	270	31	207	267	398	250	26	213
304	209	137	153	113	74	361	0	667	148	48	131
305	140	150	29	180	97	529	0	814	113	168	243
306	207	214	49	131	78	266	432	931	244	228	110
307	183	223	227	194	77	202	172	601	89	104	208
308	163	178	277	236	170	217	18	56	132	275	123
309	113	115	9	9	126	162	0	52	141	14	108
310	220	254	241	252	227	389	0	965	168	165	117
311	148	135	21	52	123	243	0	171	261	154	154
312	186	131	0	44	92	199	0	418	163	187	85
313	181	166	103	66	96	341	0	329	161	226	176
314	203	216	8	69	100	171	219	317	222	117	388
315	197	204	308	145	110	354	104	589	134	82	94
316	296	149	145	177	69	360	0	400	241	55	214
317	149	213	446	140	107	140	0	5	228	75	232
318	165	116	41	146	139	345	0	539	127	84	145
319	144	83	59	81	74	106	0	277	109	162	137
320	178	190	130	383	77	272	0	246	153	138	114
321	267	170	10	58	81	127	0	402	195	71	79
322	152	113	12	163	96	400	0	769	112	220	271
323	171	184	362	101	91	108	0	14	112	55	64
324	194	180	404	476	107	577	2	267	224	218	76
325	160	120	230	126	80	250	0	815	161	194	112
326	186	133	34	69	20	238	0	737	71	208	132
327	142	331	150	363	106	206	681	276	164	98	110
328	172	130	93	71	65	216	0	786	118	140	149
329	158	188	39	39	127	221	222	56	137	56	348
330	166	129	18	7	490	165	0	181	47	44	47
331	210	150	16	167	123	158	0	306	191	162	443
332	118	134	32	36	127	290	0	105	122	61	284
333	192	127	99	208	306	394	0	1187	124	46	87
334	211	237	187	202	80	261	208	383	59	16	86
335	142	243	177	221	100	220	281	285	201	17	505
336	169	272	397	232	58	307	229	146	212	54	92
337	130	148	206	135	98	281	0	470	208	54	177
338	234	208	99	177	139	278	0	606	182	218	383
339	139	232	4	17	70	316	298	183	116	18	321
340	115	156	87	116	129	81	97	29	113	26	318
341	114	101	23	67	24	165	0	623	130	23	109
342	150	139	72	374	82	269	0	350	86	149	189
343	183	154	21	186	32	185	409	380	98	48	109
344	241	234	78	132	101	183	396	329	147	57	283
345	158	153	10	45	790	99	0	79	105	42	93
346	163	222	160	250	55	243	286	281	124	143	177
347	272	218	4	65	83	285	194	425	139	125	330
348	180	104	18	199	54	130	0	431	140	53	270
349	156	177	43	98	41	65	0	16	124	63	127
350	131	162	84	121	77	281	0	721	132	103	172
351	125	172	181	142	58	172	157	413	173	47	113
352	218	256	428	243	104	255	0	403	73	145	111
353	94	98	148	148	198	325	0	751	123	19	70
354	275	126	0	157	50	452	0	2157	208	308	362
355	186	136	7	49	100	179	0	439	47	53	19
356	157	178	203	301	48	174	0	56	330	134	194
357	129	244	329	139	36	239	390	453	196	33	72
358	156	430	0	60	35	210	1350	201	65	14	210
359	155	253	41	231	38	323	500	459	135	158	278
360	165	147	16	95	85	207	181	245	66	45	34
361	198	149	4	244	54	123	0	265	196	118	245
362	229	245	417	705	67	512	0	465	329	192	205
363	246	314	157	251	108	316	497	367	118	122	97
364	147	177	7	40	38	54	201	15	86	25	194
365	316	171	65	61	61	366	0	1590	277	355	452
366	162	284	193	123	163	357	327	248	237	36	135
367	220	135	10	60	81	100	0	254	302	137	199
368	214	168	4	40	71	158	0	71	178	39	34
369	157	147	19	43	352	57	0	19	120	86	108
370	196	169	22	54	535	170	0	30	126	9	97
371	165	214	158	33	74	55	222	12	97	23	279
372	127	127	144	203	72	262	0	772	86	40	89
373	156	137	7	30	88	149	0	224	129	194	227
374	151	130	6	51	67	123	0	494	196	233	276
375	164	129	2	70	85	282	161	356	152	57	166
376	163	133	0	156	130	276	0	387	175	128	121
377	108	129	147	131	78	216	0	621	113	64	89
378	163	132	2	101	144	169	0	521	145	101	206
379	164	170	124	145	156	257	0	191	267	106	120
380	171	129	276	429	98	286	0	399	85	166	198
381	144	156	20	80	80	223	0	253	322	77	128
382	168	127	69	217	56	187	0	408	278	187	196
383	144	153	8	94	61	115	143	33	34	2	37
384	210	171	156	213	90	233	205	488	89	166	316
385	127	168	21	371	72	299	294	114	244	189	153
386	146	89	20	115	151	253	0	599	110	127	120
387	166	117	30	94	55	209	0	425	108	0	290
388	168	107	0	93	142	162	0	481	143	323	177
389	175	97	46	116	53	205	0	624	216	106	430
390	275	189	143	42	114	301	0	320	252	11	328
391	146	151	27	167	47	295	0	507	224	79	34
392	120	115	0	127	598	150	0	113	202	74	217
393	153	147	203	186	102	186	0	374	147	34	165
394	214	157	133	453	164	390	114	522	264	67	370
395	109	124	6	16	587	176	0	205	256	74	223
396	172	200	147	428	174	528	0	362	280	346	299
397	241	166	157	152	88	317	0	483	361	94	432
398	191	276	413	285	104	282	0	456	277	104	135
399	250	156	23	101	44	233	0	571	124	66	90
400	204	477	678	829	83	552	638	418	115	81	179
401	197	155	220	196	40	218	0	136	147	75	192
402	139	81	72	267	34	161	11	379	84	203	235
403	159	226	80	41	62	75	282	238	151	69	85
404	178	170	151	304	108	383	174	319	299	101	215
405	126	133	4	105	57	133	127	245	85	54	198
406	144	107	4	194	79	528	0	625	191	497	166
407	169	300	490	266	72	266	115	274	158	146	234
408	184	131	0	77	53	180	0	667	135	237	147
409	188	256	461	71	131	312	0	279	344	161	213
410	163	161	54	26	52	72	153	250	139	76	87
411	160	114	48	6	18	94	0	65	89	89	138
412	166	165	238	222	27	136	0	139	83	144	124
413	196	168	131	65	346	247	274	375	149	23	108
414	186	154	191	199	33	143	0	74	121	28	97
415	187	123	21	91	65	226	28	462	150	65	237
416	219	251	512	291	91	496	11	443	247	129	180
417	175	183	131	149	225	210	0	659	150	94	278
418	160	197	362	121	87	321	0	417	150	332	146
419	166	246	556	229	99	312	112	451	244	145	234
420	182	251	357	218	94	286	244	309	378	140	488
421	207	154	65	72	88	203	4	713	152	131	170
422	217	183	14	223	71	218	143	430	128	184	243
423	154	155	286	292	42	231	0	576	198	161	70
424	159	157	60	80	232	156	0	105	219	167	89
425	110	188	566	78	46	194	0	44	195	62	76
426	162	154	11	39	118	149	43	494	143	44	232
427	159	117	19	126	94	263	0	666	250	222	223
428	181	106	8	123	132	343	0	508	166	183	60
429	204	231	29	161	58	287	374	377	278	46	182
430	210	268	166	215	166	322	445	609	250	190	221
431	179	268	107	62	300	178	376	153	337	205	185
432	189	167	164	31	93	119	0	30	180	25	99
433	204	410	241	87	120	143	855	173	128	275	175
434	376	340	119	294	45	321	0	172	185	117	223
435	195	142	143	553	68	346	0	494	120	67	230
436	157	192	218	194	83	380	0	150	247	206	107
437	217	130	39	258	111	357	0	639	313	316	187
438	150	214	389	124	47	82	0	19	121	26	93
439	131	162	99	141	41	133	0	307	206	236	211
440	152	136	59	101	58	321	0	813	264	232	135
441	227	147	6	58	46	264	0	751	209	183	184
442	172	174	28	110	175	190	210	357	200	46	401
443	209	163	36	8	154	140	0	46	134	134	46
444	237	328	256	299	104	355	573	790	150	141	295
445	243	204	43	102	120	220	210	489	94	19	132
446	126	132	54	108	72	222	0	750	228	147	201
447	160	149	19	76	72	415	0	584	135	223	347
448	153	124	42	11	69	94	0	37	155	37	125
449	133	180	211	114	112	197	0	82	120	0	41
450	186	144	24	310	122	333	0	619	193	251	141
451	150	134	5	62	78	121	0	90	195	214	28
452	134	112	12	105	88	219	0	722	113	119	176
453	136	251	4	59	120	166	457	148	131	136	233
454	130	153	0	49	108	285	242	418	108	140	259
455	121	320	0	86	80	206	743	112	160	134	76
456	153	280	158	87	47	137	449	163	137	106	126
457	203	270	42	46	39	209	789	144	64	0	246
458	161	160	3	35	61	236	115	493	219	29	99
459	190	186	112	68	84	328	224	462	115	6	142
460	146	125	4	64	110	135	20	253	131	199	231
461	205	141	155	88	66	143	0	56	184	29	175
462	235	262	28	88	88	369	411	711	169	92	127
463	119	93	50	109	89	171	0	397	208	111	190
464	178	171	37	148	159	184	0	177	132	58	132
465	155	121	21	93	50	296	0	252	188	151	260
466	148	205	375	322	87	303	0	670	141	112	127
467	123	159	132	118	41	173	0	163	140	148	119
468	385	261	286	66	20	108	0	94	70	107	162
469	128	137	9	63	145	204	0	209	153	190	249
470	185	247	286	395	84	265	119	418	182	200	220
471	203	182	23	49	100	285	245	547	155	73	154
472	159	178	278	212	178	193	0	223	283	223	150
473	117	238	393	288	118	221	0	214	162	117	114
474	110	128	36	56	70	214	0	292	176	40	178
475	143	140	22	223	70	205	0	134	100	187	177
476	130	120	29	255	94	294	0	810	87	133	146
477	133	103	3	48	78	162	0	445	295	106	169
478	148	135	137	89	121	107	0	189	151	25	97
479	100	177	161	162	51	198	0	106	151	237	113
480	178	217	181	319	50	424	0	321	149	175	305
481	149	141	9	171	64	226	72	236	172	146	175
482	186	254	90	48	74	141	695	53	201	6	240
483	125	228	119	30	104	174	298	305	181	105	255
484	204	174	24	72	69	280	0	204	244	223	438
485	224	151	114	62	35	260	0	732	93	77	81
486	157	173	23	72	205	300	245	386	164	118	128
487	189	233	390	401	112	263	0	334	163	249	259
488	114	151	31	52	143	146	0	155	201	158	202
489	217	196	79	99	185	225	252	375	144	256	36
490	164	138	152	144	111	339	10	456	242	165	188
491	123	187	18	63	44	156	228	119	81	136	157
492	171	152	31	113	81	176	0	275	249	98	332
493	259	180	241	520	43	353	66	296	119	154	159
494	163	175	218	410	24	317	0	280	269	136	330
495	168	176	230	173	51	217	0	430	208	105	226
496	189	142	18	65	125	168	0	335	162	117	148
497	169	95	8	139	85	122	0	81	219	88	118
498	135	95	14	42	44	34	17	9	199	2	180
499	116	89	2	62	43	114	0	624	167	156	159
500	166	134	44	30	28	56	0	13	172	36	113
501	163	113	155	95	142	211	0	493	71	41	96
502	174	204	45	115	62	267	217	309	181	67	130
503	118	203	178	131	37	260	170	581	242	193	197
504	139	120	10	128	99	148	0	167	302	126	304
505	217	140	107	109	61	175	25	667	102	21	114
506	163	143	30	53	40	86	91	29	54	44	129
507	142	121	7	128	77	177	64	281	64	180	179
508	144	114	96	160	40	231	0	352	156	78	129
509	158	152	170	306	93	253	0	502	134	191	219
510	181	143	0	143	79	176	0	385	172	98	275
511	192	236	234	320	64	272	87	109	212	92	130
512	174	313	422	25	85	287	289	386	245	75	147
513	151	198	76	91	82	222	400	103	82	4	128
514	181	192	119	230	64	250	89	106	244	164	199
515	114	128	13	184	109	193	0	179	170	261	351
516	161	143	10	88	64	166	0	22	171	82	295
517	186	91	10	150	72	237	0	727	105	385	193
518	159	129	75	103	55	80	0	89	172	2	68
519	179	135	22	107	113	314	68	482	112	197	209
520	170	147	2	38	66	217	0	285	286	191	284
521	170	163	148	274	95	224	0	188	309	318	493
522	201	164	8	63	61	214	110	245	120	22	80
523	153	308	507	101	60	210	236	315	289	251	248
524	158	205	350	391	108	283	0	339	154	51	83
525	151	232	427	307	24	364	147	170	156	92	98
526	186	355	863	252	50	560	0	464	173	55	95
527	175	122	6	80	210	202	0	429	296	63	165
528	178	129	41	261	153	310	0	475	241	189	244
529	178	191	19	102	94	142	222	18	161	74	290
530	172	248	347	423	58	282	135	136	160	30	161
531	181	141	6	69	183	127	0	268	299	217	268
532	163	130	78	53	109	337	0	406	170	94	211
533	310	224	32	104	66	279	356	430	161	203	158
534	180	238	118	269	118	112	396	27	220	93	152
535	175	127	65	189	46	97	15	114	104	2	55
536	136	156	128	248	94	222	0	249	179	350	320
537	178	132	49	12	81	122	0	151	179	96	136
538	217	136	47	75	142	283	0	424	269	241	355
539	135	116	70	49	182	187	51	607	124	82	108
540	124	187	175	347	163	276	0	291	273	202	261
541	143	130	78	431	98	356	0	264	127	97	231
542	148	188	135	418	144	407	0	303	175	202	297
543	160	368	134	136	104	199	748	81	88	18	159
544	189	239	255	430	159	109	274	28	315	59	264
545	245	120	50	22	72	108	0	19	99	74	95
546	278	255	174	148	58	289	212	568	119	41	89
547	257	209	284	130	144	169	0	17	106	70	244
548	219	112	10	197	70	387	97	1025	143	201	135
549	150	126	39	68	64	245	0	415	116	96	325
550	182	154	42	169	77	222	53	28	235	265	145
551	187	152	119	251	73	171	49	37	182	66	175
552	202	152	19	102	77	210	0	450	211	137	577
553	148	194	175	159	64	168	0	239	245	165	169
554	167	180	35	56	66	177	323	86	63	112	94
555	241	118	17	75	83	249	10	449	182	256	205
556	167	267	17	39	76	124	405	13	90	108	67
557	162	155	14	36	585	261	16	79	296	143	291
558	238	190	174	127	44	214	0	566	108	81	95
559	265	202	99	49	418	348	0	21	170	92	307
560	171	156	230	260	161	102	0	19	199	21	178
561	265	187	14	74	77	188	202	310	206	142	229
562	171	166	63	215	66	231	84	51	175	296	81
563	184	224	0	54	105	270	283	835	179	175	220
564	155	173	19	24	38	104	163	24	115	28	15
565	141	140	64	71	54	211	0	346	174	136	71
566	192	153	155	111	111	223	0	93	132	74	149
567	155	147	67	34	52	99	0	17	177	39	159
568	165	151	106	208	308	347	0	1038	100	41	68
569	201	298	69	51	18	167	456	158	94	92	210
570	191	328	80	90	55	230	446	243	237	67	383
571	162	146	59	125	58	218	0	399	154	40	79
572	167	148	39	36	83	238	0	136	160	214	171
573	152	170	279	262	72	238	0	241	188	26	96
574	211	158	92	427	109	420	0	247	263	288	825
575	162	190	69	183	216	290	204	302	287	162	156
576	183	441	17	40	64	243	738	109	146	42	236
577	155	112	25	91	81	147	0	32	215	103	228
578	176	147	2	162	98	208	0	505	151	167	140
579	188	188	25	42	77	143	21	128	310	95	171
580	186	199	285	156	561	452	0	324	265	287	209
581	147	128	39	39	62	128	0	90	118	143	52
582	208	137	6	30	149	180	0	378	133	55	148
583	172	158	308	234	239	300	0	436	207	51	143
584	172	133	66	201	241	264	65	368	166	377	234
585	179	159	2	46	67	99	212	77	267	43	397
586	152	165	112	81	92	72	0	0	149	53	42
587	198	219	66	262	92	416	244	646	130	194	236
588	211	266	155	117	11	252	274	365	110	227	203
589	198	395	581	585	47	614	436	304	142	82	61
590	219	193	63	42	28	159	39	69	175	52	293
591	162	140	0	130	74	269	0	363	111	223	109
592	166	119	131	51	66	220	0	98	82	42	80
593	167	103	12	48	55	266	0	748	133	224	100
594	198	167	16	263	73	256	0	126	239	245	298
595	138	96	2	36	82	194	0	442	140	90	121
596	187	162	44	129	35	208	0	143	308	199	294
597	161	150	19	24	89	143	5	14	297	120	292
598	183	104	42	144	65	302	0	549	204	170	204
599	233	148	2	58	185	149	0	305	122	69	137
600	169	357	183	237	111	235	551	247	146	93	78
601	166	165	26	69	38	203	0	166	214	126	177
602	187	198	223	155	49	336	3	452	206	262	127
603	209	284	98	185	111	244	449	488	46	52	95
604	180	193	248	386	264	278	0	368	239	169	194
605	156	117	6	40	51	459	0	223	304	163	143
606	149	152	209	256	78	266	0	248	140	28	145
607	171	155	141	126	91	313	96	741	87	45	70
608	154	141	155	75	55	94	11	6	251	118	396
609	204	166	319	194	85	280	3	579	181	420	271
610	159	118	0	59	104	252	0	238	68	97	181
611	159	118	67	83	192	317	0	423	221	133	98
612	177	196	166	225	120	247	0	181	212	229	421
613	221	168	39	46	61	281	0	234	58	90	177
614	190	253	231	219	75	204	192	485	142	20	116
615	200	335	216	267	105	291	581	152	218	183	163
616	114	209	81	56	42	82	317	5	98	9	60
617	226	132	6	78	53	270	0	295	85	39	168
618	133	355	164	97	59	215	641	58	138	204	221
619	160	106	11	60	132	343	0	661	65	34	187
620	210	209	19	65	80	304	288	251	124	102	163
621	180	182	142	221	64	317	125	190	92	47	134
622	146	132	2	68	61	378	0	173	368	223	196
623	238	337	19	60	109	147	520	127	134	82	236
624	130	131	30	19	165	169	0	263	230	89	437
625	152	186	80	57	66	142	25	12	98	133	128
626	167	194	194	215	95	178	0	85	219	34	205
627	191	416	185	127	65	221	923	478	257	128	270
628	191	219	426	305	147	449	0	807	228	61	209
629	210	237	271	162	91	172	0	241	177	229	278
630	171	140	23	86	56	249	0	240	268	136	316
631	168	278	804	114	100	216	0	53	222	49	128
632	125	205	165	55	71	116	165	8	223	104	250
633	154	205	344	416	50	357	0	259	265	4	435
634	161	135	16	107	47	231	0	274	100	95	161
635	167	453	67	124	74	407	1179	495	199	173	180
636	132	241	19	93	60	290	401	79	187	28	61
637	183	270	29	25	45	178	555	206	143	94	474
638	197	177	147	159	57	192	0	227	167	96	138
639	149	204	10	125	87	349	234	439	247	157	177
640	149	108	109	314	141	259	0	429	223	208	601
641	193	142	73	109	45	353	0	648	309	104	485
642	154	280	498	271	170	331	0	347	332	80	60
643	190	93	20	100	85	318	0	902	237	220	437
644	222	206	48	172	51	831	156	343	357	420	227
645	187	146	71	187	220	297	0	897	275	88	425
646	159	193	174	265	31	230	0	220	216	52	129
647	208	265	447	134	36	302	0	306	135	161	70
648	151	132	32	46	87	96	0	113	258	251	237
649	198	151	0	131	46	440	0	502	162	55	39
650	196	182	474	217	191	213	0	223	263	91	227
651	183	334	825	401	40	415	0	526	112	78	267
652	195	175	91	143	132	295	0	373	257	242	322
653	213	151	2	63	67	327	0	843	164	24	136
654	192	147	102	188	81	232	0	246	91	60	178
655	209	150	142	307	51	301	0	87	108	80	140
656	229	128	9	120	63	187	0	707	174	127	106
657	191	162	234	277	138	252	0	416	247	0	144
658	188	117	60	178	54	141	0	543	257	166	74
659	174	166	2	10	65	29	13	13	122	67	160
660	138	151	210	113	76	52	0	3	95	19	54
661	142	108	6	79	83	314	0	584	188	154	113
662	174	269	46	100	55	195	371	186	77	34	66
663	215	182	500	78	174	160	0	334	270	91	191
664	212	152	15	102	109	166	5	351	220	153	289
665	258	209	201	134	111	317	207	516	334	224	206
666	222	387	562	175	132	157	184	25	123	38	39
667	163	169	15	46	61	51	0	1	218	123	357
668	147	190	95	145	57	259	0	173	217	111	172
669	192	268	600	344	63	159	0	10	311	57	270
670	207	103	2	97	100	390	0	903	152	238	119
671	209	291	315	239	131	255	255	336	389	87	412
672	159	137	13	52	31	202	0	30	107	102	149
673	141	165	240	306	230	231	0	317	381	102	245
674	119	141	2	135	89	166	0	130	96	68	134
675	193	116	15	244	76	281	59	303	122	27	183
676	168	177	183	145	105	261	112	560	112	107	167
677	229	134	140	166	322	310	0	497	257	55	188
678	138	204	82	178	53	262	273	145	110	138	155
679	121	159	99	122	132	186	0	1	185	62	210
680	122	137	4	35	59	67	0	10	114	48	138
681	107	352	1051	930	110	532	0	546	211	74	206
682	206	133	110	236	118	445	0	964	90	112	251
683	227	130	9	48	45	223	0	700	87	122	156
684	114	115	82	466	103	390	0	614	129	234	210
685	204	201	229	68	69	111	0	64	281	59	256
686	176	150	35	16	53	50	0	62	90	30	167
687	154	280	662	387	116	227	0	20	241	49	263
688	210	134	95	55	185	93	0	249	214	125	129
689	174	112	4	155	80	242	0	751	265	99	271
690	170	150	106	77	98	163	0	147	197	97	63
691	171	213	357	240	78	273	0	268	100	283	261
692	208	130	15	146	71	316	0	467	332	318	192
693	208	114	33	106	61	261	0	301	141	289	104
694	136	193	37	80	36	191	205	146	120	135	222
695	153	141	81	124	93	353	0	582	115	53	233
696	194	149	0	31	66	81	0	53	250	131	166
697	143	243	395	259	95	415	0	232	204	39	243
698	127	108	53	161	80	180	0	458	273	84	209
699	177	305	363	318	94	135	284	44	216	47	104
700	132	157	8	170	68	254	149	418	173	278	86
701	278	192	223	202	114	323	0	414	247	60	171
702	196	254	282	155	58	187	89	31	91	71	83
703	176	195	10	67	23	225	227	478	58	195	124
704	178	267	198	86	46	155	377	88	155	39	151
705	172	189	164	101	77	172	0	61	122	108	98
706	131	168	355	440	71	406	0	709	165	124	268
707	151	110	29	130	21	162	0	409	139	100	139
708	173	201	497	185	57	473	0	585	147	65	329
709	178	103	35	26	79	158	0	249	133	164	46
710	138	168	230	542	116	398	8	545	165	77	304
711	198	206	292	422	63	214	0	236	177	315	313
712	118	159	64	245	87	170	223	148	58	133	130
713	207	210	65	54	196	109	0	50	194	59	201
714	165	144	45	5	58	50	150	22	194	40	46
715	231	137	55	201	52	208	0	323	89	115	70
716	198	146	80	23	96	152	10	148	212	77	140
717	119	170	93	44	158	270	0	157	272	99	204
718	199	176	180	227	252	146	0	74	177	31	322
719	197	121	39	195	366	346	0	855	313	235	325
720	150	138	67	132	37	173	0	365	116	197	158
721	192	221	280	148	171	259	0	324	109	12	55
722	118	160	8	12	115	256	0	139	235	117	248
723	207	290	366	56	35	149	343	148	195	18	220
724	251	142	12	172	37	286	0	719	151	58	207
725	182	154	2	118	88	258	0	598	171	138	108
726	150	119	51	59	71	89	0	22	119	19	138
727	172	120	92	79	163	144	0	32	114	84	272
728	166	149	139	84	305	518	0	779	182	27	304
729	166	147	7	181	85	279	107	347	210	363	299
730	173	156	159	45	97	112	51	86	251	91	47
731	196	200	104	151	66	238	6	718	142	201	101
732	184	230	176	179	75	258	0	606	190	113	97
733	153	121	49	70	65	180	0	433	266	105	304
734	176	239	467	224	70	324	0	492	152	119	89
735	224	148	166	144	113	164	0	67	139	56	237
736	188	106	14	128	185	456	0	711	213	186	167
737	181	142	23	93	73	156	9	386	358	56	544
738	238	145	38	103	105	105	0	41	170	135	173
739	136	221	282	347	45	197	219	413	141	129	126
740	146	110	38	43	356	183	0	148	238	135	183
741	226	165	106	74	117	218	0	47	56	88	193
742	169	304	105	295	59	302	749	414	104	77	79
743	154	168	106	77	45	98	0	212	84	225	152
744	190	165	2	172	64	647	0	698	108	135	88
745	194	121	16	165	68	359	0	249	122	186	355
746	192	145	33	300	24	278	0	917	222	122	225
747	193	179	181	103	54	267	0	186	214	186	342
748	210	159	11	63	116	157	146	127	90	45	337
749	105	255	10	95	45	193	266	199	153	88	150
750	281	473	309	582	119	462	189	811	171	66	127
751	184	148	136	37	586	186	0	124	286	101	385
752	147	182	8	137	154	294	204	593	150	68	257
753	172	226	81	68	69	115	337	127	120	100	70
754	182	152	140	140	20	122	0	32	29	8	88
755	213	219	164	33	63	272	0	711	190	101	90
756	146	183	145	300	97	211	0	462	182	32	198
757	166	145	58	57	89	76	0	31	78	30	163
758	139	158	0	133	340	165	48	216	282	12	151
759	169	93	99	137	109	143	0	396	204	258	292
760	192	261	200	246	208	184	105	125	148	161	199
761	171	155	74	285	60	179	0	137	149	48	265
762	191	128	36	79	51	121	0	67	272	75	301
763	144	156	100	247	72	266	0	149	252	221	308
764	183	144	31	32	43	191	94	121	110	87	262
765	197	146	2	68	20	257	0	675	82	79	97
766	134	138	29	157	111	75	0	358	177	14	386
767	132	198	4	161	38	277	301	419	258	496	345
768	170	129	39	123	131	836	0	313	101	45	106
769	157	145	108	289	90	296	0	297	252	136	132
770	162	214	131	156	60	131	134	4	228	134	565
771	131	137	14	102	79	141	0	196	203	174	375
772	170	178	26	98	74	131	52	24	177	24	241
773	246	158	126	66	66	351	0	766	126	31	137
774	133	146	7	59	30	31	0	98	150	73	225
775	138	96	74	184	41	127	0	318	96	85	179
776	171	147	122	101	89	130	60	373	228	299	316
777	150	280	53	38	47	91	464	33	65	147	226
778	222	266	203	90	57	150	289	209	199	46	146
779	221	138	32	144	61	169	0	194	93	50	146
780	156	108	8	55	140	228	0	733	258	245	417
781	221	165	42	23	52	90	9	54	112	46	97
782	196	146	127	78	51	340	0	370	93	72	273
783	127	240	265	131	125	270	84	347	223	205	303
784	145	114	15	75	110	201	0	79	82	55	168
785	166	108	39	59	101	124	32	384	135	274	343
786	121	250	21	198	117	268	372	668	125	415	173
787	184	227	9	27	94	112	372	86	109	14	187
788	158	333	286	69	34	59	411	17	96	67	98
789	152	153	10	109	64	100	10	76	256	50	308
790	215	229	307	328	132	211	162	96	198	31	192
791	177	245	146	40	72	176	179	279	183	207	508
792	145	223	74	50	46	197	409	260	113	131	254
793	145	150	29	178	50	157	233	326	215	216	426
794	186	242	252	306	162	224	313	96	137	0	108
795	124	170	128	109	164	352	0	686	237	117	297
796	135	159	10	163	83	202	118	493	209	277	193
797	164	337	225	33	49	117	497	35	51	57	81
798	238	229	129	173	39	430	49	397	163	123	333
799	132	160	120	150	130	361	0	748	225	106	293
800	113	154	19	52	40	65	87	51	192	241	388
801	184	202	226	368	104	214	0	48	115	150	161
802	241	386	224	84	67	93	521	107	179	27	310
803	149	137	4	50	54	132	0	186	222	66	163
804	147	129	28	30	64	128	0	175	239	54	159
805	171	191	140	93	45	81	297	149	138	100	169
806	206	315	351	164	67	151	242	132	217	116	219
807	158	259	118	111	82	65	490	81	238	101	367
808	209	196	228	90	109	150	26	140	87	51	175
809	126	266	54	46	126	129	432	16	151	78	118
810	172	553	174	70	57	113	986	201	153	51	88
811	143	128	14	60	82	58	0	33	64	53	44
812	201	233	226	358	102	208	125	50	114	148	276
813	169	216	138	84	66	94	0	126	147	144	237
814	133	149	204	144	59	61	0	8	123	87	153
815	91	194	170	52	110	58	0	28	197	81	362
816	135	184	170	103	67	77	140	4	181	91	273
817	147	422	4	39	56	139	1116	17	150	76	146
818	156	127	10	31	153	102	0	67	126	145	100
819	142	256	419	189	132	182	361	270	163	126	188
820	142	310	643	159	89	108	96	189	210	95	400
821	152	138	177	36	41	115	0	138	159	213	231
822	168	253	348	164	22	137	88	0	94	23	202
823	201	325	226	282	57	208	475	46	111	89	267
824	126	437	4	54	90	121	1044	32	187	96	230
825	116	159	110	57	60	47	197	2	135	75	207
826	143	167	205	21	43	77	121	83	155	205	335
827	112	127	254	319	52	122	0	62	42	46	86
828	170	218	155	15	30	106	164	12	228	227	183
829	210	461	146	77	48	168	629	384	179	4	65
830	219	184	4	14	99	79	102	168	170	155	318
831	148	120	31	36	53	141	0	119	114	285	134
832	146	169	0	55	157	110	187	99	169	235	158
833	174	460	186	53	125	166	897	11	194	154	300
834	116	480	89	41	26	89	1399	66	32	11	95
835	162	164	29	123	106	138	0	131	207	118	197
836	134	179	326	224	80	105	0	19	33	74	132
837	140	177	96	53	112	169	0	382	218	96	419
838	138	85	66	80	59	139	0	112	167	187	325
839	180	279	12	22	68	87	397	51	210	82	210
840	111	274	65	76	57	64	577	60	66	56	115
841	161	194	2	12	213	90	109	35	159	33	218
842	141	156	203	493	36	127	0	93	90	199	175
843	120	255	383	184	41	172	0	6	98	100	76
844	200	214	249	84	140	220	38	51	190	118	441
845	126	271	0	58	29	141	492	152	54	91	245
846	190	189	16	44	377	227	0	41	334	225	464
847	146	143	9	54	39	217	134	29	289	167	219
848	170	153	42	101	90	181	217	126	187	141	246
849	147	228	2	133	58	210	237	54	165	94	313
850	170	163	36	53	63	118	0	22	264	84	297
851	127	112	18	28	118	156	0	90	96	318	112
852	144	202	378	516	373	270	0	110	164	37	93
853	139	135	143	104	243	154	0	13	137	86	154
854	56	293	939	1660	118	590	0	36	151	45	113
855	118	152	60	182	43	110	159	12	93	112	368
856	124	142	6	35	300	179	22	67	155	31	236
857	94	97	0	61	32	75	0	9	89	113	85
858	136	106	45	120	101	146	0	11	224	170	220
859	139	188	2	90	326	149	130	37	177	66	366
860	119	119	61	18	105	64	0	60	138	164	321
861	180	156	27	55	55	102	153	154	230	56	185
862	130	118	15	72	42	118	0	86	93	168	166
863	96	117	59	46	23	129	0	203	130	8	214
864	167	96	17	155	66	265	0	709	85	178	260
865	156	195	61	81	63	104	0	33	200	220	354
866	116	96	9	38	121	114	0	24	74	166	76
867	220	186	46	59	130	138	0	16	311	263	352
868	119	199	193	109	67	136	238	235	120	93	119
869	120	120	0	46	37	214	102	72	56	147	299
870	118	212	434	177	110	221	0	67	231	152	241
871	119	229	143	87	311	135	202	57	115	36	295
872	208	149	2	26	104	125	0	49	140	24	186
873	150	203	253	313	70	216	0	30	45	0	72
874	150	122	20	21	108	71	30	18	108	167	275
875	95	86	15	7	38	47	0	38	96	10	187
876	142	148	105	48	33	151	7	27	78	66	51
877	151	100	43	23	53	67	55	100	344	121	296
878	129	108	22	38	111	58	0	18	194	95	286
879	190	172	30	46	114	82	0	24	275	223	653
880	119	208	74	18	84	66	266	14	222	280	366
881	118	128	17	91	101	90	0	32	167	235	298
882	174	123	93	146	54	222	0	245	154	123	245
883	200	148	0	110	92	258	0	720	261	136	273
884	121	159	4	28	64	94	35	179	249	223	402
885	115	325	216	121	104	98	549	83	119	18	246
886	99	93	73	109	154	104	0	34	126	48	264
887	139	228	15	78	79	147	329	221	226	250	199
888	156	274	136	285	458	186	432	14	124	63	83
889	141	161	71	62	107	122	0	57	154	304	254
890	132	164	174	99	61	63	210	15	292	87	209
891	200	166	22	40	86	66	0	19	125	161	412
892	164	86	4	48	62	100	0	137	69	40	190
893	204	139	6	35	52	88	0	42	157	155	256
894	80	68	46	46	132	130	0	77	160	79	209
895	114	209	183	32	57	64	156	22	103	11	168
896	164	113	4	6	62	217	0	266	310	261	304
897	192	352	26	100	68	243	113	3	156	104	71
898	156	193	253	90	82	181	0	101	61	90	115
899	158	152	111	114	38	162	0	66	105	105	49
900	127	232	126	101	67	90	232	42	207	246	279
901	178	164	180	16	41	206	0	183	219	125	255
902	206	148	194	208	60	316	0	1044	110	192	236
903	97	186	58	20	117	52	432	28	93	82	66
904	163	136	206	38	52	151	0	60	101	126	156
905	134	218	154	72	74	113	332	81	99	69	74
906	178	234	259	144	83	201	0	46	167	212	217
907	128	153	175	158	115	114	100	35	136	41	193
908	245	204	118	18	36	102	0	141	133	64	155
909	141	97	2	135	81	119	6	76	225	243	192
910	179	222	103	212	39	158	185	15	144	43	272
911	141	236	528	130	135	137	0	75	269	48	223
912	114	170	89	53	19	107	214	54	207	148	84
913	95	149	304	386	47	147	0	134	116	33	200
914	122	152	257	125	38	142	0	176	91	114	216
915	113	130	211	222	108	99	0	23	143	210	238
916	185	195	148	224	45	152	23	37	180	70	301
917	203	173	208	41	67	164	0	48	111	190	359
918	160	242	265	151	77	132	185	27	82	28	187
919	163	265	94	46	78	137	400	185	225	52	361
920	198	140	6	10	114	198	0	21	131	201	334
921	170	124	13	111	54	65	38	52	235	161	225
922	145	106	0	56	60	48	20	135	120	126	117
923	78	189	159	232	128	89	297	35	84	166	108
924	82	272	908	963	40	373	0	70	104	131	208
925	134	120	120	127	64	158	0	196	92	26	176
926	119	132	128	80	76	98	0	61	156	250	106
927	170	166	24	62	57	134	110	58	159	56	220
928	196	139	149	155	56	94	0	98	153	100	159
929	163	167	128	86	24	138	0	144	74	9	90
930	161	279	96	148	96	160	98	13	143	114	82
931	142	128	9	44	31	111	138	112	63	142	45
932	221	140	123	4	77	99	0	168	152	18	251
933	109	184	411	62	60	173	0	86	194	57	165
934	115	248	292	166	22	125	299	71	63	112	208
935	102	71	0	58	77	58	0	136	235	169	211
936	148	164	253	84	81	193	0	145	67	81	287
937	139	148	174	132	75	105	2	48	205	155	204
938	173	198	78	134	10	97	0	62	189	71	169
939	106	105	15	91	70	86	60	57	147	79	164
940	176	173	118	177	27	103	0	14	125	51	166
941	121	217	389	16	92	108	0	190	99	14	49
942	192	179	238	157	92	216	0	416	121	188	192
943	128	404	338	150	59	132	687	19	98	52	162
944	136	304	996	418	126	236	0	56	56	48	250
945	84	318	373	141	44	82	406	12	109	62	146
946	199	158	20	17	40	207	0	85	139	53	317
947	75	115	188	123	107	116	6	14	189	57	365
948	119	171	74	110	72	98	56	26	155	239	128
949	119	233	29	55	30	83	359	8	83	148	90
950	106	130	11	44	109	103	80	52	125	222	111
951	149	106	18	21	28	60	0	123	181	151	119
952	126	266	557	239	50	166	74	115	219	198	162
953	140	133	92	67	80	124	0	42	66	164	291
954	97	315	515	169	91	84	441	9	77	11	32
955	205	200	29	45	61	148	4	83	121	51	229
956	146	145	17	26	162	127	115	300	181	38	90
957	124	219	419	165	91	152	0	85	39	169	98
958	136	125	126	84	128	132	0	37	181	111	199
959	120	135	108	155	68	128	0	49	125	139	185
960	135	368	448	145	92	179	475	35	134	274	232
961	151	130	65	38	93	74	0	9	142	289	122
962	125	180	156	83	202	99	68	18	79	94	199
963	124	161	14	34	144	153	239	72	98	133	138
964	159	178	236	107	116	76	0	4	117	105	191
965	116	177	183	200	81	137	0	259	112	271	195
966	127	147	248	66	13	135	0	115	65	76	95
967	114	104	59	104	97	79	0	93	120	216	249
968	148	219	191	75	21	101	180	32	70	83	78
969	128	137	148	48	80	134	104	89	125	137	184
970	130	131	29	114	55	156	0	303	184	106	112
971	128	104	2	15	149	57	42	3	66	19	162
972	111	121	52	14	123	111	0	26	165	283	227
973	159	174	137	253	90	222	0	79	59	132	198
974	104	129	108	16	122	54	6	65	201	14	348
975	120	113	72	217	68	126	2	154	210	101	198
976	103	192	318	180	56	157	0	68	105	65	118
977	130	106	31	15	103	133	0	14	157	266	214
978	145	250	441	49	125	95	0	108	107	40	240
979	124	124	163	167	58	77	0	124	122	126	116
980	112	101	51	100	37	94	0	103	171	88	148
981	109	198	225	176	97	175	0	105	305	197	369
982	118	159	125	135	74	108	212	23	101	132	127
983	144	156	170	204	59	101	0	48	217	198	100
984	113	123	181	131	74	86	0	133	131	31	164
985	110	101	44	53	104	75	0	29	141	234	346
986	134	206	374	353	59	114	0	11	120	94	297
987	119	107	28	131	49	186	0	57	64	56	154
988	90	139	78	47	79	90	0	86	254	99	350
989	165	166	117	110	98	118	64	76	148	273	119
990	133	142	115	58	100	126	0	57	192	111	88
991	117	255	150	94	76	112	616	233	137	132	91
992	97	210	39	68	36	79	277	33	111	38	224
993	142	142	6	132	72	144	249	89	147	382	378
994	95	131	146	82	45	183	0	31	130	50	92
995	160	155	0	33	54	105	124	45	90	120	213
996	138	159	213	103	80	119	0	101	101	80	143
997	123	145	127	210	68	85	0	0	142	52	354
998	135	166	166	270	100	138	0	74	142	282	167
999	151	114	147	69	191	112	0	103	103	168	104
1000	139	149	4	0	31	76	0	1	111	58	324
1001	102	237	322	167	61	179	176	135	102	180	198
1002	138	140	34	84	50	145	187	147	195	134	181
1003	109	92	77	60	46	118	0	204	197	16	192
1004	637	761	33	21	113	191	815	60	235	70	194
1005	199	138	8	1	273	94	0	49	96	71	240
1006	180	150	7	8	13	102	0	102	112	171	266
1007	149	166	252	74	37	152	0	154	140	111	160
1008	126	118	15	42	59	62	134	0	119	37	107
1009	147	130	47	91	55	63	0	0	103	65	195
1010	115	142	200	42	85	75	0	65	102	82	128
1011	80	115	21	53	26	81	142	79	147	60	53
1012	163	122	0	30	116	110	0	29	151	41	44
1013	104	125	32	13	168	51	97	0	105	9	154
1014	150	196	155	67	139	106	0	51	85	69	175
1015	142	160	0	6	87	97	180	61	170	253	277
1016	93	176	159	87	144	142	0	69	165	192	134
1017	111	136	44	145	42	97	0	85	60	188	265
1018	115	123	23	7	88	83	0	0	151	143	341
1019	127	122	64	75	56	166	0	63	117	150	207
1020	133	245	106	10	54	76	401	33	63	76	272
1021	136	334	7	44	50	108	949	188	124	280	142
1022	108	137	163	228	79	202	108	97	122	90	107
1023	153	152	286	131	55	144	30	201	230	240	510
1024	138	154	9	135	42	174	209	25	73	238	175
1025	136	241	338	79	53	92	206	178	104	123	173
1026	143	277	74	13	102	154	633	27	34	72	113
1027	111	153	151	206	89	132	0	36	94	254	318
1028	116	143	60	56	155	71	65	105	231	231	145
1029	107	103	4	48	78	151	0	55	151	114	213
1030	118	98	11	7	305	54	0	43	94	134	286
1031	150	133	6	1	31	34	88	0	158	120	396
1032	95	137	17	36	76	45	191	10	157	83	225
1033	113	79	9	69	20	53	0	0	93	128	225
1034	172	112	22	136	71	136	65	241	39	25	123
1035	137	324	145	59	57	127	660	44	144	132	214
1036	111	237	175	73	136	112	243	49	184	82	149
1037	165	163	168	31	103	101	9	0	170	11	124
1038	124	136	170	247	83	238	0	55	139	180	137
1039	158	282	570	398	121	263	206	173	130	128	312
1040	128	122	169	179	74	140	0	187	101	8	239
1041	115	175	60	69	80	125	237	100	97	131	354
1042	141	117	2	72	92	94	50	136	185	78	224
1043	105	525	82	90	54	136	1775	24	105	158	196
1044	131	246	126	448	69	159	549	49	102	307	185
1045	102	130	4	26	64	56	83	6	215	46	324
1046	173	242	6	16	80	107	268	41	89	27	66
1047	91	122	21	25	68	35	0	15	170	68	510
1048	147	128	8	30	150	26	111	0	179	129	547
1049	132	121	9	25	205	52	182	0	84	56	157
1050	94	94	34	22	34	114	0	50	218	187	107
1051	108	115	2	71	130	104	6	131	200	303	162
1052	172	141	18	26	77	103	71	87	95	79	155
1053	125	98	98	182	64	170	0	157	146	33	318
1054	109	142	44	57	171	426	135	196	90	315	243
1055	180	204	143	137	62	118	148	75	191	176	210
1056	161	152	218	87	126	76	0	0	168	8	183
1057	103	111	23	125	160	116	0	94	200	266	471
1058	138	124	73	152	56	109	0	83	81	99	84
1059	162	260	2	38	54	96	643	152	213	53	421
1060	200	194	4	81	163	43	256	0	65	8	98
1061	162	176	218	188	74	116	38	2	259	60	598
1062	161	104	2	34	123	24	0	4	180	44	359
1063	154	123	45	52	53	64	65	11	116	52	152
1064	163	101	30	23	66	172	0	166	140	288	115
1065	149	115	30	89	98	124	0	42	385	180	354
1066	108	131	274	219	61	102	0	84	104	204	78
1067	131	151	270	33	40	175	83	72	175	174	190
1068	149	126	78	117	106	89	0	44	156	297	411
1069	120	132	244	295	74	86	0	0	133	8	53
1070	148	115	65	44	87	71	0	74	111	136	225
1071	130	155	63	136	55	160	64	59	142	86	225
1072	138	160	270	246	61	147	0	100	126	101	129
1073	80	147	158	66	59	48	0	10	223	51	337
1074	112	104	65	168	33	159	45	22	127	144	344
1075	120	72	46	96	77	55	0	119	176	76	151
1076	107	116	51	91	49	97	0	30	221	149	514
1077	126	124	20	112	21	137	0	208	114	207	99
1078	104	128	274	238	58	169	0	278	109	118	109
1079	127	123	4	96	41	488	0	282	119	260	319
1080	130	94	34	66	33	103	0	142	125	145	354
1081	128	123	58	248	101	109	0	218	94	66	87
1082	94	116	55	157	44	175	0	180	216	130	500
1083	105	188	73	194	103	128	286	53	139	116	82
1084	94	111	39	165	35	141	0	150	187	31	490
1085	88	171	209	269	65	190	0	79	185	208	219
1086	124	149	99	123	91	76	263	12	133	27	182
1087	85	98	88	56	29	151	0	142	90	101	102
1088	125	91	70	100	82	116	0	78	180	406	318
1089	124	126	59	73	101	89	0	313	185	173	455
1090	113	191	417	278	57	97	88	167	133	100	95
1091	159	146	187	363	27	694	0	774	87	303	314
1092	131	135	88	28	100	77	0	37	96	117	162
1093	106	96	29	90	36	101	0	178	107	103	117
1094	140	147	287	134	81	143	0	408	116	100	184
1095	111	84	15	29	81	107	0	46	168	54	143
1096	96	210	272	346	25	315	245	321	83	179	332
1097	100	71	10	91	27	147	0	28	79	146	201
1098	92	79	41	69	80	108	0	28	111	290	299
1099	113	193	152	65	74	127	0	94	125	49	142
1100	90	228	33	120	62	88	653	54	93	29	106
1101	81	137	20	53	166	74	144	57	130	46	86
1102	124	88	11	45	39	50	0	0	95	78	200
1103	130	154	153	176	76	120	0	188	176	284	179
1104	143	135	80	24	38	36	269	15	87	6	161
1105	140	89	21	52	57	147	0	278	168	80	230
1106	118	179	136	207	113	114	0	60	123	88	130
1107	158	148	11	39	100	69	324	37	98	16	110
1108	142	137	48	101	85	134	0	230	218	182	155
1109	97	283	17	96	93	138	917	60	59	19	116
1110	78	103	0	12	32	32	75	5	61	94	71
1111	124	85	39	59	46	88	0	33	115	221	226
1112	149	131	81	129	233	121	0	48	106	159	266
1113	167	183	241	289	72	127	0	88	107	107	116
1114	92	101	28	46	15	59	0	0	71	19	54
1115	164	143	44	35	85	81	204	20	73	2	134
1116	83	290	326	405	37	362	489	150	148	185	195
1117	123	102	62	16	78	38	0	1	188	84	190
1118	129	142	27	14	46	208	0	45	307	213	457
1119	166	153	96	179	52	137	0	119	246	204	147
1120	92	113	17	55	75	30	89	4	193	63	138
1121	109	79	0	35	42	35	0	0	60	226	136
1122	99	79	23	45	41	83	0	22	108	274	200
1123	166	151	34	30	59	58	0	17	136	200	96
1124	132	109	42	162	498	167	0	102	204	76	228
1125	138	108	91	95	24	57	0	6	168	2	318
1126	115	175	142	190	37	260	98	107	163	134	239
1127	109	143	6	17	115	69	157	0	115	15	145
1128	157	103	60	233	112	111	15	201	149	141	76
1129	122	134	211	216	44	165	0	306	98	107	128
1130	154	133	18	32	61	101	0	5	107	57	82
1131	123	160	235	69	55	108	0	269	157	147	193
1132	91	168	243	161	47	203	0	224	61	25	52
1133	151	114	56	110	51	93	0	119	135	49	79
1134	128	105	38	161	24	68	0	270	49	161	297
1135	143	141	128	18	31	99	0	94	143	139	128
1136	134	245	218	128	157	154	335	44	208	191	217
1137	134	322	357	370	106	282	665	115	94	69	154
1138	117	183	229	215	108	63	150	12	130	53	108
1139	156	119	45	152	79	74	0	23	180	270	159
1140	172	96	6	57	43	63	14	0	76	104	150
1141	117	224	116	134	60	158	161	13	136	16	181
1142	116	94	7	42	59	130	0	266	99	259	165
1143	98	150	51	29	45	129	0	20	111	42	211
1144	89	144	24	19	51	113	52	81	119	49	128
1145	101	132	76	78	231	152	0	179	109	135	183
1146	133	266	553	451	59	245	0	33	252	236	459
1147	65	78	24	35	80	74	0	76	60	56	30
1148	101	120	23	120	43	72	111	21	97	53	110
1149	167	93	2	13	417	88	0	0	193	117	174
1150	169	147	0	162	61	155	67	58	143	197	58
1151	159	180	25	81	45	90	180	2	75	59	70
1152	121	120	21	63	36	61	39	57	181	175	231
1153	109	106	23	85	54	114	0	57	41	92	121
1154	101	119	206	48	51	111	0	299	140	128	126
1155	143	134	37	86	78	176	0	133	337	162	390
1156	105	153	240	257	129	115	0	35	226	146	323
1157	115	86	45	9	156	55	0	8	56	27	85
1158	100	103	2	79	203	61	0	91	192	175	198
1159	451	363	46	12	80	107	146	79	38	0	94
1160	117	169	48	82	35	133	266	172	107	182	67
1161	137	125	79	238	85	180	0	81	221	208	398
1162	110	77	8	47	79	123	0	251	91	157	341
1163	99	86	29	37	103	117	0	66	241	87	228
1164	141	150	159	11	159	81	30	0	158	38	127
1165	147	133	2	1	465	117	106	0	136	47	40
1166	81	166	238	30	57	89	0	126	162	215	305
1167	124	255	157	86	107	77	571	76	151	78	157
1168	149	142	33	86	25	78	53	1	122	180	247
1169	114	164	161	38	61	155	0	204	239	336	392
1170	100	112	77	129	73	182	0	64	279	43	128
1171	105	136	52	62	101	74	0	33	149	38	149
1172	139	160	226	52	53	123	67	37	50	21	168
1173	109	158	181	132	39	149	0	83	212	201	254
1174	158	141	31	121	176	44	107	2	93	111	114
1175	131	199	424	120	212	244	22	270	114	121	85
1176	93	126	41	61	76	90	0	25	54	31	156
1177	196	182	209	283	41	161	143	34	162	145	140
1178	129	126	61	71	70	111	0	104	146	131	152
1179	162	219	43	30	31	105	244	94	137	120	197
1180	121	181	386	88	49	93	96	55	140	82	173
1181	159	257	119	47	37	54	450	1	95	30	110
1182	115	116	155	27	69	92	0	398	247	214	186
1183	152	200	309	50	59	112	0	90	224	103	213
1184	137	300	51	38	38	166	544	10	257	163	192
1185	110	118	150	20	43	118	0	377	74	160	147
1186	88	97	54	187	32	95	0	70	94	123	368
1187	94	106	16	136	51	203	0	78	245	211	221
1188	158	216	505	304	230	279	113	72	224	138	159
1189	153	233	53	46	24	181	410	52	197	151	254
1190	176	97	17	27	79	104	0	78	249	115	153
1191	101	202	15	41	107	57	443	17	100	9	61
1192	138	186	304	46	107	121	113	241	136	269	310
1193	85	143	8	32	49	47	0	10	181	73	76
1194	155	107	2	42	53	150	0	175	107	111	185
1195	123	168	225	151	47	160	0	174	156	207	348
1196	125	226	452	182	42	202	0	29	134	34	187
1197	73	92	22	36	43	142	0	238	156	172	337
1198	101	193	483	120	79	197	0	26	165	128	135
1199	128	144	18	46	29	48	161	0	105	2	124
1200	148	119	72	113	85	117	0	226	126	207	58
1201	121	166	222	166	68	194	0	282	129	208	212
1202	90	119	12	55	101	74	0	41	221	323	348
1203	109	225	324	110	137	93	382	144	148	267	300
1204	121	111	41	211	91	94	59	114	143	259	173
1205	153	140	90	102	31	121	0	157	78	81	133
1206	117	207	183	135	93	109	336	214	139	42	197
1207	104	211	0	3	146	83	597	4	20	22	79
1208	129	83	13	50	30	138	0	176	85	120	71
1209	184	100	4	2	46	65	0	57	215	55	257
1210	120	153	244	153	68	116	0	344	262	216	281
1211	165	125	87	67	34	86	0	33	201	116	302
1212	102	199	110	45	50	78	88	74	120	21	53
1213	384	454	597	154	133	173	0	44	162	120	96
1214	188	122	81	2	47	67	0	45	181	36	136
1215	116	101	40	88	18	83	0	152	145	128	165
1216	152	136	2	29	65	116	27	98	107	202	106
1217	174	317	365	427	46	223	164	39	279	207	262
1218	126	168	255	108	130	95	0	143	163	127	341
1219	95	112	25	40	152	153	0	164	184	222	145
1220	116	144	2	54	162	126	54	86	282	88	247
1221	104	131	113	33	29	52	78	0	134	9	119
1222	431	358	71	62	66	174	0	79	158	120	75
1223	141	146	196	99	41	162	9	16	146	43	101
1224	115	94	113	66	111	104	0	198	120	187	119
1225	130	163	39	99	58	193	215	321	92	195	108
1226	151	144	126	79	59	111	0	21	174	113	420
1227	123	151	260	51	58	170	0	226	112	203	146
1228	105	137	130	108	37	131	0	188	81	31	255
1229	211	161	273	43	45	86	0	215	79	83	46
1230	114	133	77	271	151	178	6	210	253	83	271
1231	108	231	248	86	71	108	224	235	147	403	176
1232	518	491	88	72	77	143	566	232	406	120	313
1233	139	110	62	49	53	84	0	19	199	212	251
1234	115	218	4	44	62	53	483	121	180	96	259
1235	133	124	42	49	137	145	48	73	190	93	238
1236	165	118	24	6	50	59	27	0	169	35	255
1237	162	153	144	19	25	53	0	10	135	123	148
1238	106	214	133	312	162	168	263	101	197	206	168
1239	117	128	77	317	72	166	0	223	121	99	114
1240	98	155	75	130	108	59	153	115	111	83	106
1241	142	184	86	17	57	39	239	1	198	62	158
1242	100	104	127	103	56	113	0	309	63	43	256
1243	109	111	143	64	56	118	2	475	189	174	114
1244	79	127	2	6	44	104	0	202	80	179	124
1245	151	248	253	178	150	340	113	183	223	162	249
1246	101	102	277	287	76	204	0	371	132	267	171
1247	153	114	0	56	82	71	0	243	164	146	73
1248	125	118	13	26	60	60	0	1	223	116	265
1249	138	124	173	372	108	146	0	207	86	79	90
1250	141	185	0	38	109	99	257	221	261	284	245
1251	148	238	362	287	83	224	126	291	177	49	267
1252	83	81	7	55	106	119	0	200	92	150	185
1253	97	150	34	148	159	183	149	24	152	84	280
1254	162	125	96	115	40	45	0	6	118	8	44
1255	92	112	33	26	99	118	0	335	71	107	141
1256	128	166	75	52	91	59	41	36	195	93	385
1257	137	115	41	85	40	226	48	73	126	189	253
1258	153	187	279	97	47	98	168	237	125	315	304
1259	154	106	82	8	69	153	0	705	124	211	164
1260	99	288	28	81	108	49	681	3	198	304	282
1261	1451	1340	56	33	89	128	0	84	306	207	157
1262	77	94	33	56	30	104	0	239	90	45	72
1263	139	100	114	178	55	178	0	134	120	425	321
1264	116	95	117	111	52	246	12	31	130	62	91
1265	199	222	99	32	74	156	0	129	206	235	251
1266	158	180	302	39	101	74	0	299	270	71	401
1267	124	97	0	5	102	83	0	272	94	113	82
1268	154	119	121	60	60	139	0	539	151	142	217
1269	175	154	186	207	90	192	0	723	126	162	161
1270	152	209	111	29	76	215	46	112	124	114	145
1271	126	182	627	194	39	111	121	59	62	64	113
1272	169	305	229	52	80	50	335	0	199	48	249
1273	154	84	148	61	84	99	0	116	98	188	316
1274	125	202	602	190	45	91	228	52	66	41	100
1275	144	281	223	107	68	63	364	0	133	42	138
1276	108	117	23	112	197	89	0	131	104	166	168
1277	124	118	20	97	34	190	106	79	173	189	569
1278	107	143	145	149	77	171	0	27	196	33	104
1279	101	172	304	158	104	145	71	134	177	29	105
1280	118	151	98	148	56	149	0	59	194	167	274
1281	149	141	194	99	76	96	38	2	141	102	102
1282	135	152	18	15	70	25	0	42	147	48	112
1283	82	97	28	176	60	78	0	159	29	64	86
1284	127	119	92	83	61	109	0	492	159	210	177
1285	128	140	100	126	83	233	128	509	183	209	191
1286	147	191	547	263	103	137	169	175	124	180	360
1287	115	211	556	240	35	128	0	34	136	105	235
1288	157	113	0	23	94	121	0	296	114	167	185
1289	100	145	12	123	93	72	0	112	233	114	166
1290	211	189	25	19	60	158	0	108	196	39	232
1291	107	123	249	400	36	122	0	42	117	93	252
1292	145	201	143	77	173	85	46	0	171	33	221
1293	89	78	6	16	69	63	14	78	182	98	367
1294	106	310	226	121	134	251	540	549	101	76	144
1295	116	142	135	164	145	143	0	155	215	174	115
1296	122	134	269	166	39	101	0	100	90	28	155
1297	96	124	95	99	64	145	0	184	170	121	191
1298	138	408	384	36	48	109	747	53	117	16	77
1299	137	195	409	338	96	201	4	164	102	218	289
1300	113	137	108	121	151	61	0	10	166	110	370
1301	70	121	10	47	49	67	0	159	166	147	172
1302	165	132	2	41	51	142	0	81	63	129	184
1303	105	132	117	353	28	124	193	217	110	114	257
1304	135	246	78	125	114	226	434	215	145	89	255
1305	144	195	128	12	147	68	198	7	57	32	187
1306	102	132	54	485	69	177	154	298	101	83	135
1307	98	178	131	196	51	183	305	313	125	73	145
1308	125	191	523	298	179	160	231	483	208	164	193
1309	107	178	278	251	46	157	63	101	104	111	164
1310	84	122	73	77	191	76	0	96	119	300	180
1311	106	172	147	87	161	176	235	324	269	161	156
1312	246	241	80	42	163	195	0	226	393	308	229
1313	71	125	139	246	35	134	0	160	105	124	46
1314	107	106	16	15	75	56	186	267	174	225	152
1315	200	115	15	113	49	166	0	502	193	197	318
1316	80	97	28	139	35	68	0	128	136	64	150
1317	169	145	12	33	323	129	0	78	141	380	199
1318	155	210	272	408	71	250	127	447	96	151	287
1319	98	113	90	198	75	83	0	34	109	80	104
1320	114	178	144	35	79	235	171	218	250	283	181
1321	112	166	159	151	135	112	95	40	114	168	296
1322	167	170	270	67	79	53	67	34	200	132	288
1323	86	104	42	61	193	42	0	5	117	185	182
1324	189	152	101	66	69	126	93	181	122	24	69
1325	167	129	87	293	40	232	231	430	149	372	256
1326	134	180	324	46	56	95	0	13	175	188	185
1327	154	111	6	52	102	91	2	426	125	262	417
1328	120	182	219	466	94	215	216	392	99	192	188
1329	121	117	26	18	100	89	10	76	206	312	447
1330	59	98	28	79	76	146	0	44	50	83	213
1331	88	116	16	114	105	145	0	127	182	92	290
1332	149	283	251	422	100	266	327	165	206	74	168
1333	81	131	27	136	137	241	272	222	182	156	111
1334	115	186	64	151	58	80	421	76	274	47	204
1335	123	189	290	153	70	122	92	298	142	169	137
1336	99	218	540	99	84	146	51	125	113	146	184
1337	157	350	617	498	173	430	306	186	183	142	153
1338	189	110	202	93	40	205	0	556	118	127	176
1339	123	449	57	60	24	145	1112	84	68	141	92
1340	85	164	290	541	32	235	0	94	90	55	199
1341	88	128	187	199	61	110	0	84	70	179	65
1342	98	171	154	39	105	211	132	132	141	73	110
1343	150	127	74	129	53	117	155	60	54	176	91
1344	140	156	195	58	72	77	0	40	161	79	245
1345	113	176	138	80	56	116	196	340	82	168	263
1346	126	183	276	60	107	162	0	244	178	64	137
1347	122	122	51	68	32	180	54	271	79	184	111
1348	116	107	236	52	90	154	8	225	235	100	360
1349	187	160	4	41	260	110	369	361	198	80	237
1350	158	106	24	42	178	221	90	566	87	143	269
1351	132	202	422	50	64	109	0	1	152	283	141
1352	185	112	28	33	101	209	0	406	132	294	174
1353	104	92	26	244	46	159	0	133	178	393	241
1354	169	171	280	116	64	118	111	39	103	108	150
1355	146	153	6	24	129	66	75	51	130	129	131
1356	163	93	11	14	299	149	0	250	166	30	60
1357	164	152	4	124	75	124	224	166	160	207	138
1358	128	181	346	93	61	78	0	191	203	93	307
1359	110	142	89	64	77	91	119	172	101	11	39
1360	123	107	90	261	68	165	0	221	215	114	251
1361	172	212	9	62	39	81	308	106	86	105	148
1362	117	331	113	47	97	208	804	194	203	178	250
1363	146	192	46	35	48	168	237	144	136	161	326
1364	109	133	111	57	67	74	124	12	121	127	142
1365	82	173	269	251	97	209	0	79	141	277	205
1366	82	263	809	324	62	198	0	40	401	256	414
1367	127	100	90	51	83	131	70	172	121	86	155
1368	107	150	312	188	42	131	0	145	110	189	182
1369	124	124	26	14	25	88	0	137	131	248	189
1370	104	132	119	160	95	165	0	137	153	86	193
1371	140	126	127	123	43	158	166	228	69	41	116
1372	84	173	28	133	115	134	614	280	32	15	141
1373	129	133	42	92	23	102	125	70	109	227	424
1374	147	119	26	127	40	87	94	45	106	214	98
1375	103	220	48	90	57	97	599	602	67	205	248
1376	82	180	399	75	45	111	98	180	69	18	305
1377	140	126	156	40	180	89	0	379	114	186	312
1378	134	150	18	39	84	54	183	56	214	132	640
1379	95	173	93	55	160	83	249	82	105	204	94
1380	62	124	201	95	34	95	50	51	100	44	69
1381	154	104	87	55	95	119	0	366	226	82	367
1382	94	135	117	157	34	117	0	76	216	90	289
1383	69	166	471	55	72	124	0	38	351	159	297
1384	123	111	65	146	75	186	2	64	176	220	314
1385	157	126	7	111	95	211	101	542	174	86	60
1386	133	137	28	14	30	121	0	1	117	46	146
1387	104	147	281	71	49	130	6	130	118	129	397
1388	111	149	164	115	84	109	0	192	145	132	202
1389	150	147	235	421	40	186	0	112	158	142	242
1390	108	75	14	55	83	98	0	137	261	94	234
1391	99	145	50	32	26	67	25	0	155	183	191
1392	112	93	15	39	82	56	0	166	148	256	169
1393	121	118	67	55	112	98	0	259	62	96	249
1394	107	421	61	102	75	98	1304	383	66	2	96
1395	99	153	34	163	60	70	242	86	101	95	51
1396	139	145	211	58	48	175	0	236	136	178	117
1397	66	91	4	21	71	46	0	122	71	136	104
1398	54	148	31	54	63	34	279	113	61	165	124
1399	61	73	50	135	51	90	77	25	122	228	178
1400	173	149	12	33	72	71	41	33	153	74	75
1401	130	187	214	100	598	229	0	140	203	89	124
1402	144	105	65	66	599	187	0	261	128	63	138
1403	207	151	213	256	247	258	0	170	110	206	203
1404	165	299	0	39	46	85	889	26	153	57	128
1405	168	154	231	125	104	217	0	295	246	259	278
1406	92	96	18	16	47	43	0	17	98	34	168
1407	106	112	105	197	102	137	0	91	188	166	248
1408	116	143	36	56	97	169	276	167	125	61	156
1409	174	101	2	85	56	138	0	346	282	416	523
1410	107	106	88	56	83	134	0	260	95	219	256
1411	121	84	10	5	108	54	0	9	72	41	101
1412	150	160	39	50	36	110	82	474	120	59	150
1413	119	159	42	204	64	108	132	26	193	122	174
1414	130	119	95	24	115	158	0	299	143	38	217
1415	104	139	94	185	108	138	112	142	166	167	261
1416	91	109	10	11	30	64	191	104	104	94	104
1417	131	166	190	63	217	98	0	110	127	77	237
1418	125	116	8	43	54	114	0	203	166	49	117
1419	117	245	14	9	72	106	621	77	141	46	149
1420	142	130	175	59	68	142	0	602	93	29	136
1421	128	148	45	247	62	178	0	112	151	211	169
1422	105	210	207	111	30	78	269	63	172	168	197
1423	125	209	36	140	80	107	470	236	248	294	199
1424	109	124	12	75	63	93	5	40	115	40	158
1425	185	207	304	104	76	104	0	114	111	125	257
1426	119	130	31	96	164	159	0	49	171	64	195
1427	130	197	254	126	86	137	362	248	173	257	154
1428	112	139	28	53	120	130	246	256	152	161	248
1429	130	118	53	98	77	162	0	149	236	219	385
1430	62	145	17	61	152	98	8	9	311	199	314
1431	104	89	130	70	140	134	0	325	239	180	265
1432	111	334	606	341	133	124	352	31	40	2	93
1433	135	149	127	128	63	132	133	270	138	204	374
1434	127	196	234	172	80	186	0	41	234	231	243
1435	111	110	20	25	111	120	0	58	141	187	79
1436	124	71	27	97	51	121	5	165	119	43	179
1437	143	202	302	222	108	122	2	102	62	107	102
1438	101	205	165	56	76	165	231	207	105	40	145
1439	101	110	14	9	31	63	134	140	124	91	63
1440	152	112	16	59	34	163	0	152	179	170	165
1441	96	136	9	60	68	172	0	32	222	68	138
1442	159	193	6	58	166	108	0	2	309	198	351
1443	120	162	197	118	68	98	0	39	155	140	244
1444	104	138	84	273	70	110	0	63	159	65	248
1445	105	147	310	78	48	58	0	0	73	34	467
1446	142	171	151	113	49	129	179	150	159	174	321
1447	191	155	48	38	93	129	171	272	95	202	118
1448	195	214	317	128	67	163	0	268	134	48	313
1449	136	139	34	83	196	179	179	68	212	78	179
1450	176	260	111	135	59	214	363	293	178	141	217
1451	315	288	442	76	113	164	0	223	184	220	593
1452	113	175	0	67	17	140	380	160	306	388	230
1453	111	109	26	34	62	147	190	269	85	148	231
1454	219	263	112	89	73	175	324	367	203	162	175
1455	99	193	337	343	52	269	73	7	202	151	398
1456	105	114	165	121	109	182	0	237	63	110	318
1457	129	160	295	70	42	156	242	99	78	20	94
1458	145	202	248	106	143	131	362	145	220	226	225
1459	128	174	174	205	26	135	314	345	102	0	57
1460	112	107	110	60	105	230	0	142	132	5	129
1461	79	71	21	48	93	59	0	82	137	66	347
1462	91	163	106	184	98	102	452	276	168	180	230
1463	94	114	25	109	90	227	131	415	190	191	105
1464	118	86	115	141	128	127	61	132	241	98	278
1465	92	114	148	165	41	135	67	72	150	97	119
1466	168	99	22	121	95	114	0	228	384	214	391
1467	102	306	31	45	65	92	987	159	97	199	289
1468	107	109	11	49	244	190	0	384	129	246	240
1469	167	174	10	149	54	180	0	126	267	97	180
1470	112	139	202	102	236	164	0	130	185	117	89
1471	170	247	369	149	124	181	0	166	278	107	265
1472	104	187	564	260	167	207	22	104	175	167	185
1473	152	209	121	85	57	114	306	257	225	55	349
1474	141	280	378	70	28	139	325	247	82	259	226
1475	212	151	2	101	74	196	82	716	228	76	307
1476	169	153	134	329	207	194	0	130	231	112	258
1477	151	129	118	52	34	119	0	1	99	63	132
1478	136	141	43	231	64	158	160	266	175	165	362
1479	146	124	95	74	61	185	49	441	166	97	233
1480	96	171	10	20	43	87	302	1	114	152	148
1481	140	123	0	60	220	129	0	48	150	31	112
1482	73	311	226	101	97	140	988	78	98	176	133
1483	104	214	80	115	81	89	529	146	117	246	296
1484	78	86	8	34	130	71	0	140	124	204	389
1485	102	126	106	17	61	77	0	0	69	118	107
1486	92	282	647	465	205	554	407	223	180	74	77
1487	79	268	456	359	100	161	480	488	110	155	190
1488	116	107	113	83	61	100	0	145	141	81	65
1489	133	108	0	74	84	215	16	616	135	100	161
1490	73	105	231	146	65	96	0	83	181	75	84
1491	129	114	47	141	112	126	0	273	207	255	526
1492	87	98	25	28	69	164	0	276	154	85	122
1493	85	134	166	141	86	210	152	57	115	189	176
1494	224	301	714	250	95	459	15	331	276	176	375
1495	137	82	23	72	101	171	7	241	245	167	289
1496	135	135	98	75	73	132	0	311	234	54	295
1497	154	145	83	221	127	273	0	182	249	146	242
1498	173	248	290	157	38	99	551	211	150	211	352
1499	193	199	22	25	118	90	184	75	83	105	167
1500	143	262	109	66	98	173	492	69	105	90	49
1501	113	95	3	55	63	120	0	141	77	215	99
1502	173	310	116	107	47	114	748	312	144	178	276
1503	105	152	161	85	42	67	4	0	137	39	184
1504	220	293	630	245	233	395	20	573	331	36	74
1505	76	121	20	39	68	116	272	302	155	304	203
1506	139	158	35	47	43	63	302	0	57	131	165
1507	93	110	2	47	91	69	177	1	107	2	159
1508	111	208	347	57	62	119	48	158	206	193	295
1509	85	87	103	91	81	33	0	4	164	37	167
1510	87	89	45	78	94	116	0	157	131	67	170
1511	99	95	16	82	48	155	0	369	139	160	231
1512	125	86	29	46	188	149	0	205	318	96	226
1513	111	148	135	83	44	148	176	360	77	278	168
1514	118	150	21	30	59	55	414	29	89	66	100
1515	157	119	0	47	108	95	0	250	175	7	70
1516	99	216	725	427	86	192	0	96	120	58	163
1517	100	173	10	37	68	210	355	372	80	245	153
1518	86	59	69	251	66	101	0	105	153	200	192
1519	79	191	6	74	59	176	449	369	107	310	176
1520	74	117	78	15	134	47	70	75	157	135	297
1521	114	131	85	34	25	68	337	3	50	9	108
1522	140	199	332	172	191	192	0	194	116	10	80
1523	119	145	172	47	70	81	0	147	217	335	411
1524	91	98	30	119	82	176	0	307	60	73	88
1525	76	83	130	137	83	120	2	80	142	125	151
1526	69	100	164	43	234	106	0	43	144	109	165
1527	94	137	30	18	47	77	347	115	140	70	254
1528	124	136	44	95	66	85	128	70	112	92	38
1529	164	103	33	130	179	248	0	800	245	200	90
1530	94	243	46	61	60	126	727	214	185	199	134
1531	115	204	493	130	63	298	0	169	269	51	193
1532	75	116	363	357	41	145	0	165	101	95	152
1533	144	140	112	116	371	177	0	636	152	210	151
1534	135	223	357	85	141	165	68	335	202	105	308
1535	75	150	381	52	199	85	0	41	262	75	230
1536	124	103	0	16	86	158	199	220	143	101	129
1537	82	120	299	353	194	165	0	233	147	73	250
1538	132	121	44	59	76	130	263	134	81	238	184
1539	97	191	536	206	125	149	166	0	96	7	181
1540	86	137	24	165	53	151	230	403	216	69	217
1541	149	147	176	22	34	59	0	1	31	17	129
1542	114	75	4	53	42	146	0	263	186	253	240
1543	110	70	12	68	191	190	0	268	161	301	346
1544	123	193	350	129	121	109	0	274	177	95	240
1545	450	435	36	4	78	381	308	29	262	38	62
1546	118	175	151	139	35	57	348	7	128	107	486
1547	156	170	48	47	144	115	8	564	193	43	289
1548	245	140	121	208	33	288	0	833	94	143	104
1549	172	224	73	65	59	318	373	327	167	36	208
1550	213	228	53	192	36	88	382	71	77	107	84
1551	193	148	17	87	95	261	0	467	129	56	265
1552	195	212	287	76	173	305	37	127	99	109	88
1553	160	100	79	88	64	237	0	624	179	286	107
1554	248	218	40	195	144	263	411	922	162	117	190
1555	145	159	2	89	36	219	130	322	227	241	170
1556	137	159	435	457	34	423	0	876	143	44	287
1557	184	237	590	330	178	422	0	657	358	84	109
1558	117	176	220	189	95	192	0	282	168	216	169
1559	231	221	136	200	174	175	147	147	107	30	178
1560	177	189	155	248	99	274	0	254	197	234	234
1561	141	103	8	81	94	176	0	351	177	105	184
1562	158	215	173	201	82	156	398	327	62	102	148
1563	144	111	72	183	124	258	0	315	78	10	125
1564	152	150	239	261	51	251	0	502	85	151	72
1565	140	117	81	63	122	254	0	340	203	380	68
1566	169	159	167	249	84	305	190	649	136	91	145
1567	161	134	25	163	83	164	0	352	145	165	152
1568	155	135	116	224	75	160	0	107	89	121	132
1569	149	110	39	17	31	197	0	566	133	161	187
1570	175	95	30	170	88	158	24	306	112	96	148
1571	188	162	45	57	119	293	0	492	175	84	161
1572	149	229	319	133	121	204	0	104	205	88	139
1573	197	126	55	26	64	191	0	475	131	86	134
1574	159	125	52	99	94	276	0	112	181	147	82
1575	176	114	6	61	64	217	0	313	158	141	110
1576	238	220	216	360	85	282	0	402	117	189	101
1577	206	149	0	52	47	237	0	425	223	120	67
1578	308	156	149	54	55	202	0	329	204	121	158
1579	212	194	164	163	40	219	37	417	158	63	81
1580	114	120	92	76	43	160	0	160	99	223	15
1581	160	238	459	473	113	248	0	54	127	119	83
1582	123	150	81	216	58	151	0	105	162	35	175
1583	135	167	48	251	56	250	315	448	54	99	25
1584	367	272	19	20	81	217	513	571	240	23	216
1585	161	164	341	530	101	340	0	717	150	87	244
1586	174	109	24	50	530	191	0	62	165	0	79
1587	159	117	33	102	46	119	0	786	187	233	150
1588	310	222	447	74	66	315	0	615	127	58	121
1589	210	156	126	145	116	160	0	186	174	24	123
1590	156	289	759	550	26	308	0	577	188	228	203
1591	153	124	20	117	147	135	0	221	149	187	186
1592	174	120	13	91	43	206	0	854	84	74	102
1593	167	152	36	88	98	179	0	549	230	125	214
1594	192	385	97	181	98	236	780	147	128	99	198
1595	181	145	126	110	62	179	0	623	141	138	169
1596	155	162	36	102	43	124	0	62	197	93	84
1597	154	214	313	174	86	290	0	190	181	17	41
1598	147	164	102	247	39	274	0	307	198	548	164
1599	171	158	133	61	301	206	0	487	206	138	68
1600	182	139	49	19	74	72	0	128	239	159	188
1601	166	150	2	175	108	230	0	454	233	246	57
1602	150	219	76	134	60	212	217	158	157	81	129
1603	201	214	428	200	113	393	0	420	178	178	129
1604	166	238	4	83	77	117	188	4	192	266	97
1605	155	152	10	46	96	309	119	604	162	354	344
1606	163	169	89	14	88	172	141	507	128	49	331
1607	183	165	14	112	65	153	85	271	144	159	85
1608	191	335	452	161	58	299	366	214	90	95	209
1609	219	258	48	64	27	162	378	490	72	112	219
1610	169	138	57	58	166	178	0	29	154	72	242
1611	272	452	596	580	53	416	478	326	196	73	182
1612	238	156	42	317	76	353	0	857	172	168	180
1613	135	138	106	117	135	218	0	319	180	160	339
1614	155	191	148	274	57	253	211	109	89	145	220
1615	189	253	298	62	31	67	157	11	206	74	134
1616	124	280	4	93	61	314	582	93	171	7	64
1617	170	306	56	60	45	196	573	449	131	145	263
1618	148	149	94	166	101	234	0	253	181	57	93
1619	192	151	11	23	65	96	0	39	208	134	116
1620	179	184	179	138	88	373	0	197	228	91	190
1621	171	215	5	106	108	110	245	608	123	158	105
1622	239	197	14	72	85	373	132	527	123	0	85
1623	232	109	0	100	19	323	0	743	59	35	53
1624	241	344	92	137	72	241	708	293	129	28	87
1625	162	113	93	97	451	238	0	234	270	164	192
1626	180	169	81	149	36	223	0	181	130	15	157
1627	237	227	58	66	105	81	0	64	115	46	197
1628	227	265	120	67	73	146	87	56	134	50	245
1629	140	228	592	336	52	180	0	261	126	16	96
1630	149	149	139	67	109	92	35	29	113	126	207
1631	119	149	164	32	67	105	29	43	151	208	152
1632	128	131	269	530	54	162	0	40	47	104	106
1633	131	116	46	64	69	72	0	31	158	26	135
1634	143	194	108	16	61	65	168	20	161	35	124
1635	133	156	134	69	101	137	0	422	249	163	156
1636	174	153	4	105	57	161	0	125	164	338	103
1637	203	158	2	43	54	112	0	37	85	66	117
1638	141	141	13	60	19	117	0	68	150	121	213
1639	240	206	235	61	69	141	0	76	123	94	159
1640	193	236	294	104	102	185	0	36	145	123	202
1641	159	257	161	152	117	149	7	13	125	100	44
1642	147	109	41	73	188	129	0	74	286	197	182
1643	201	193	7	40	19	85	0	29	77	7	141
1644	162	235	234	135	67	255	123	108	220	36	264
1645	150	270	293	105	94	79	211	133	174	95	122
1646	120	206	511	184	71	167	2	73	154	279	105
1647	125	162	61	103	60	100	123	2	71	53	169
1648	115	272	8	20	42	106	733	149	91	288	166
1649	135	244	26	43	125	109	366	50	142	137	153
1650	142	140	11	109	412	105	119	98	230	236	127
1651	100	101	11	4	29	72	0	15	69	35	75
1652	155	258	2	61	102	179	636	164	156	64	258
1653	105	82	30	48	116	84	0	104	96	148	402
1654	124	97	4	36	22	117	0	247	47	67	42
1655	177	195	64	143	47	159	63	22	94	119	49
1656	118	237	70	44	31	133	357	43	198	154	186
1657	92	130	118	32	190	90	0	159	108	34	216
1658	156	190	169	45	103	233	230	235	93	278	213
1659	160	220	390	96	19	162	0	361	78	128	176
1660	145	109	45	102	103	156	0	237	139	0	125
1661	124	164	260	112	55	115	0	266	154	208	193
1662	141	162	122	63	49	78	0	30	193	63	266
1663	153	186	201	146	83	127	0	162	145	180	166
1664	109	81	107	315	70	192	0	233	121	65	176
1665	196	230	357	117	63	219	334	310	122	322	238
1666	142	155	227	147	64	134	0	318	230	137	74
1667	102	117	105	214	160	265	65	351	211	36	199
1668	213	189	119	139	131	132	0	15	110	182	114
1669	132	151	40	5	43	55	0	44	42	70	45
1670	149	118	47	22	413	95	27	5	220	127	242
1671	147	119	77	83	44	151	77	31	56	12	107
1672	179	195	52	64	57	245	486	322	81	20	65
1673	124	368	93	69	97	139	706	178	171	74	128
1674	164	207	50	37	428	192	262	358	161	130	109
1675	119	135	73	144	38	156	0	106	149	56	111
1676	151	146	47	206	75	268	72	176	202	112	120
1677	152	125	36	118	213	214	0	173	127	344	102
1678	168	99	27	122	182	196	0	329	147	92	172
1679	194	118	51	54	41	235	0	416	74	77	25
1680	174	227	581	957	41	390	0	280	191	86	121
1681	261	231	249	197	70	191	208	324	123	131	90
1682	166	136	39	109	57	186	2	399	129	140	91
1683	183	115	20	38	106	313	0	887	179	89	150
1684	147	171	72	316	402	263	146	245	141	332	80
1685	208	159	134	151	45	166	65	410	89	113	152
1686	195	201	116	76	76	302	211	587	309	117	28
1687	156	177	236	155	108	272	163	344	138	110	84
1688	182	292	594	207	23	105	0	88	89	27	73
1689	154	218	329	468	81	296	0	406	95	109	189
1690	151	150	12	77	55	116	0	218	135	181	132
1691	167	90	17	48	93	310	0	628	199	162	155
1692	178	137	153	126	58	230	0	498	210	253	288
1693	174	275	566	112	133	191	0	215	151	51	62
1694	156	188	0	29	106	81	104	120	121	65	50
1695	273	255	190	397	141	326	149	395	190	105	115
1696	135	169	112	237	209	315	0	522	118	40	152
1697	195	288	579	92	95	310	0	243	234	115	108
1698	184	325	137	132	59	263	323	289	313	179	93
1699	202	178	95	268	31	188	0	164	99	149	89
1700	170	176	119	111	41	113	0	68	159	0	4
1701	136	240	88	153	57	185	139	239	143	117	158
1702	186	121	4	64	49	174	0	588	154	122	45
1703	191	160	2	93	112	215	0	174	241	132	157
1704	252	199	124	213	45	384	0	399	105	150	101
1705	233	183	38	113	52	319	218	1067	194	98	209
1706	216	354	60	63	55	157	839	243	147	69	34
1707	166	180	26	85	36	160	0	484	132	59	223
1708	288	194	13	73	80	198	0	410	254	203	249
1709	144	145	22	62	147	189	0	219	270	275	183
1710	165	338	225	297	44	199	539	580	81	161	92
1711	159	238	58	58	66	173	257	102	132	44	95
1712	281	211	37	50	162	197	214	115	225	85	112
1713	138	154	76	46	39	141	0	134	99	149	209
1714	173	162	224	41	69	112	91	334	101	79	215
1715	181	139	4	70	83	138	0	106	169	380	105
1716	115	140	218	131	63	139	0	159	104	47	173
1717	139	133	23	49	66	177	0	78	133	201	213
1718	126	144	185	186	80	149	0	32	163	150	156
1719	125	147	234	296	123	137	43	42	147	128	149
1720	148	187	262	189	58	106	0	17	243	0	21
1721	116	111	71	80	50	60	77	51	76	107	85
1722	143	136	76	24	97	119	0	51	132	126	93
1723	160	117	0	39	203	77	0	19	139	59	100
1724	159	360	120	6	82	79	760	31	204	179	147
1725	114	248	23	20	50	115	630	54	115	284	253
1726	146	272	6	10	93	95	526	163	171	145	182
1727	183	124	9	0	72	116	24	113	156	192	178
1728	173	128	4	48	43	129	0	145	157	162	126
1729	117	149	86	222	40	146	38	215	72	86	177
1730	143	158	156	129	29	121	0	1	61	24	127
1731	121	118	81	56	21	86	0	194	60	136	126
1732	137	150	23	16	51	86	0	79	93	102	76
1733	183	263	320	150	55	148	330	39	53	181	24
1734	172	165	190	95	70	154	0	187	132	183	132
1735	118	100	83	156	116	223	0	181	116	236	242
1736	113	121	39	78	106	153	0	107	87	81	39
1737	103	73	15	18	48	148	0	144	120	125	56
1738	121	115	60	90	110	118	0	66	132	123	157
1739	144	107	109	151	73	254	0	273	196	72	147
1740	113	161	387	74	119	44	0	64	203	119	26
