synapse,GABA,GAD,gephyrin,GS594,MBP488,NR1,PSD,Synapsin,VGluT1,DAPI1st,location
1,0.062382027,1.986366187,0.385096759,0.376938578,0.117901447,0.190005059,1.732728165,1.001572969,0.620782743,3.818150996,on_synapse
2,0.077234891,1.237165425,0.359510509,0.322336369,0.077738666,0.330757066,1.999065784,0.934644211,0.289653692,3.886433782,on_synapse
3,0.005922546,0.371813144,0.120297036,0.139317735,0,0.042546679,0.03350264,0.296892536,0.207308247,1.222451791,on_synapse
4,0.147710268,1.061725207,0.306218753,0.282049238,0.044942268,0.203209494,0.858444504,0.687535073,0.453936461,3.373659788,on_synapse
5,0.0966432,0.999047291,0.463624885,0.332518365,0.116518723,0.307832109,0.463181053,0.976970462,0.307579584,4.654326089,on_synapse
6,0.297650325,0.783145002,0.322511733,0.365911854,0,0.103440763,0.320676249,0.717436359,0.26538746,2.863817042,on_synapse
7,0.241647323,0.690713958,0.271328606,0.241792929,0.060606061,0.084902051,0.765121756,1.006664924,0.567304994,2.656905758,on_synapse
8,0.359187679,2.06076628,0.698222758,0.664804612,0.159841789,0.265866525,3.872418152,2.017934235,1.300238815,7.958843485,on_synapse
9,0.085581191,0.881756326,0.401330221,0.393076918,0.093003903,0.106111621,0.864430288,0.921076293,0.921841521,4.268142281,on_synapse
10,0.000742909,0.278495179,0.100834736,0.092948105,0.004565861,0.205326625,0.017858509,0.643682724,0.074772345,0.994538185,on_synapse
11,0.063101554,1.473861086,0.384703517,0.456715726,0.085399449,0.128384008,0.779104173,1.365289044,0.285595858,4.237983794,on_synapse
12,0.450033798,2.538722664,0.871547971,0.739159269,0.218215403,0.585709792,4.630725394,3.067460166,0.945494507,10.78269968,on_synapse
13,0.180375727,0.894943118,0.332135751,0.341462606,0.077640037,0.290276502,0.653546832,0.932693093,0.340143863,3.970545097,on_synapse
14,0.123842593,0.864289996,0.279131806,0.389118457,0.081990996,0.271230827,1.008159244,1.147199053,0.178199291,2.179252542,on_synapse
15,0.00410141,2.379465956,0.690103901,0.385187098,0.091545718,0.258805437,1.673012745,0.941378218,0.828637809,3.837723829,on_synapse
16,0.05176874,0.615767311,0.381851979,0.270870532,0.002289307,0.122806346,0.358924897,0.346781153,0.236321549,2.579525261,on_synapse
17,0.421275571,1.840611768,0.727183451,0.67333531,0.235991544,0.280986953,2.301709488,1.856501409,0.721619605,6.952206726,on_synapse
19,0.219783058,1.6719393,0.501221176,0.547792742,0.112947658,0.230324074,1.779635581,1.748940372,0.533727426,5.230707751,on_synapse
20,0.094677839,0.464730959,0.172366021,0.186050849,0.041322314,0.217737667,0.270463473,0.480183782,0.12042298,1.898114669,on_synapse
21,0.120444768,0.755393795,0.301099165,0.301543422,0.002892987,0.107772804,0.939923222,0.832484143,0.46920276,3.45188735,on_synapse
22,0.002340322,1.394143455,0.459061363,0.344850015,0.074325962,0.338954571,0.969136865,0.920741506,0.522664567,4.999956425,on_synapse
23,0.173212555,1.23776698,0.309158504,0.487099531,0.063671224,0.308302937,1.579527387,1.025553302,0.238164473,3.279539928,on_synapse
24,0.164688233,0.995518633,0.412712988,0.404297074,0,0.15621413,1.107331203,0.987718887,0.520106367,4.057966821,on_synapse
25,0.049164839,1.085581191,0.421538619,0.517282463,0.030446511,0.13740626,1.751743019,1.09002589,0.707271579,4.889822042,on_synapse
26,0.067913988,0.353055811,0.131264667,0.122265585,0.029752066,0.036404449,0.034157229,0.230209928,0.063844251,1.232737731,on_synapse
27,0.039970411,0.391814292,0.142461547,0.11638959,0.02892562,0.04338843,0.340225168,0.466844901,0.161314853,1.627356265,on_synapse
28,0.249338624,0.822296741,0.334868344,0.351222361,0.080890981,0.428322729,0.741342902,0.735967175,0.539789125,3.710733781,on_synapse
29,0.280537913,1.034933723,0.402943577,0.410072952,0.123794766,0.13193913,0.622167593,0.828267949,0.324025185,4.195637988,on_synapse
30,0.162488734,0.637514667,0.300551814,0.303800845,0.018565282,0.256707436,1.006409848,0.368700685,0.102845585,3.267302656,on_synapse
31,0.114111443,0.99267055,0.44160513,0.437638698,0.094668274,0.192784856,1.027685313,1.152323424,0.814069515,4.680565121,on_synapse
32,0.028708805,0.77160175,0.256034939,0.286316447,0.05235754,0.116028498,0.671268397,0.832818399,0.461215692,2.70459089,on_synapse
33,0.366555921,0.94406927,0.402823479,0.43602481,0.094266529,0.416240477,0.790249932,1.536182532,0.461484585,4.285850934,on_synapse
34,0.32996633,1.745976176,0.47075098,0.526052371,0.128037227,0.311023292,1.907025704,1.287978085,0.593572813,5.940601907,on_synapse
35,0.289358229,1.052285003,0.41677348,0.550577588,0.095552271,0.264145559,1.45917907,0.976419817,0.723578908,4.140163472,on_synapse
36,0.283141459,1.671580423,0.54067683,0.603118729,0.156377892,0.462739771,1.14087919,1.320136692,1.054234829,6.296716463,on_synapse
37,0.191657739,1.443722438,0.41931308,1.90761076,0.094300185,0.308615759,2.014644197,1.218454891,0.913565367,4.653684006,on_synapse
38,0.69672282,1.103695687,2.34933662,0.591540404,0.047947002,0.133426618,0.107120993,0.836376026,0.209646064,4.483621387,on_synapse
39,0.135293592,0.686943297,0.196655953,0.308729339,0.05192965,0.347076829,0.338640827,0.451374222,0.193226456,2.082108331,on_synapse
40,0.472769927,2.264032723,0.725791161,0.856231365,0.177611553,0.354529441,2.019319882,3.330019471,1.08203528,8.741872995,on_synapse
41,0.000767354,0.205490299,0.096002109,0.077690839,0.023217231,0.037889416,0.570248997,0.26942085,0.237187744,1.179635156,on_synapse
42,0.304764023,1.366970685,0.47602684,0.521335514,0.102397874,0.249304121,2.181591802,2.057076446,0.806512091,5.726404672,on_synapse
43,0.519078906,3.190422746,0.782744887,1.096663393,0.184600636,0.607991957,2.896194195,3.313522571,1.117826412,9.032186058,on_synapse
44,0.341337254,1.140313671,0.387932354,0.444739604,0.103555395,0.157836482,1.026223636,1.136878343,0.551255703,4.229924607,on_synapse
45,0.060321491,0.27949715,0.109086445,0.098228178,0.03488563,0.06802957,0.057476597,0.184714092,0.103957026,0.916912177,on_synapse
46,0.178845635,1.492447017,0.372977612,0.490681527,0.102555133,0.199752758,2.366346546,1.744918521,0.92158599,4.791857974,on_synapse
47,0.19011878,0.788599378,0.143646057,0.253546619,0.065192115,0.211481396,0.988289885,0.436894194,0.345053013,2.44941949,on_synapse
48,0.235914136,0.833832149,0.330802412,0.329167092,0.075298439,0.205071195,0.903479237,1.195685814,1.002260257,4.77384819,on_synapse
49,0.427074565,2.521832912,0.729068622,0.964651247,0.170535851,1.078465367,2.547612329,2.434203143,1.450370179,8.013312577,on_synapse
50,0.219038555,0.738095921,0.269319617,0.383424682,0.071107221,0.177014782,0.654287509,0.989226227,0.378403671,2.224246888,on_synapse
51,0.220838435,1.589098962,0.372625971,0.515058595,0.126532278,0.303522235,1.414790947,1.489347844,0.731671878,4.216276218,on_synapse
52,1.12661123,3.152914527,0.539866964,0.697172341,0.139036266,0.295517606,1.619107744,2.05348448,0.777623315,5.862762728,on_synapse
53,1.275159605,3.181199622,0.578374838,0.745087965,0.149991983,0.238490606,1.57955092,2.091279862,0.81045757,6.238693756,on_synapse
54,0.358882384,2.106566773,0.564091834,0.664284894,0.136593205,0.230379872,2.864758698,1.576350627,1.087885643,5.821912305,on_synapse
55,0.714823424,1.423692417,0.378943316,0.630103114,0.116829596,0.171020495,0.112994688,0.871288644,0.345743578,3.416134993,on_synapse
56,1.03787478,1.729767917,0.762566138,0.721377465,0.067362113,0.244483526,0.215385001,1.013552189,0.30775012,2.759030784,on_synapse
57,1.188165748,2.495245383,0.941178196,0.898863636,0.09573768,0.407046475,0.537434956,1.484444189,0.436214417,3.895550199,on_synapse
58,0.689493419,1.82874324,0.505662687,0.467045455,0.066119529,0.349392919,0.586019284,1.074885216,0.275760127,2.484669932,on_synapse
59,0.531479923,1.764717886,0.600405713,0.595882365,0.121295729,0.30266186,0.758455061,3.263421958,1.123508514,6.590668894,on_synapse
60,0.153532378,0.996749906,0.335394489,0.429552257,0.039238485,0.217512527,0.858383215,0.763025173,0.351241087,3.457091963,on_synapse
61,0.107185491,0.211028211,0.065254821,0.114974237,0.002637486,0.037854556,0.090682073,0.245445618,0.065490766,0.720852464,on_synapse
62,0.346208295,1.568253786,0.492641057,0.576659452,0.127281108,0.223175113,1.463329179,1.342652718,0.760523707,4.801663824,on_synapse
63,0.41192305,1.78012368,0.872882072,0.566663319,0.035278607,0.217459475,2.013108516,1.494138034,1.004271726,6.974497181,on_synapse
64,0.104500391,1.284980487,0.263928213,0.370484092,0.018528084,0.207890139,2.2739527,1.112973166,1.056025321,2.318570809,on_synapse
65,0.384640456,1.703036963,0.510557313,0.493207893,0.103086136,0.312174778,1.790165969,0.776048929,0.843124709,5.274479503,on_synapse
66,0.340041035,0.629031795,0.215090456,0.273636778,0.051687168,0.177405367,0.23276005,0.443842624,0.348409123,2.209647772,on_synapse
67,0.149984058,0.820006887,0.271992654,0.324124452,0.07028492,0.176269003,0.515124732,0.543112948,0.277566065,3.034205693,on_synapse
68,0.040280754,0.583839943,0.167238462,0.194624415,0.045913682,0.203144662,0.330191647,1.113350112,0.682404857,1.488946706,on_synapse
69,0.128391802,0.768511433,0.186954421,0.220038488,0.051842782,0.167059909,0.706435143,0.425063627,0.245253461,1.985591039,on_synapse
70,0.090038006,0.96302163,0.190962657,0.294087338,0.068862871,0.219439343,1.46437991,0.51505076,0.388025457,2.894469952,on_synapse
71,0.185988675,1.600932303,0.2840603,0.47607387,0.118393531,0.357153607,1.440390011,0.89802061,0.554947199,5.173787114,on_synapse
72,0.191820988,1.363850627,0.18025329,0.211282012,0.081815631,0.297308948,0.912109734,0.993459851,0.311484797,2.450632589,on_synapse
73,0.280667222,1.004568695,0.332330743,0.540776026,0.076225215,0.214080338,1.349337936,1.038788559,0.714972395,3.683279201,on_synapse
74,0.198814038,1.251703341,0.452023036,0.496888781,0.132859884,0.45939615,0.735486883,1.050522764,0.63273518,3.954821078,on_synapse
75,0.369216151,1.621214672,0.45007716,0.884533466,0.071171947,0.437578436,2.338902918,1.132311116,0.826762575,4.561058183,on_synapse
76,0.414519068,1.834498889,0.463732442,0.51927737,0.01514443,0.462201986,2.045187424,1.762105482,1.085696329,4.547512867,on_synapse
77,0.194774768,0.67137537,0.248948449,0.367951612,0.040895062,0.223417253,0.801235843,0.599744286,0.322548082,2.381856443,on_synapse
78,0.426594083,1.371127096,0.426009534,0.526475473,0.104494014,0.384233752,1.141757785,1.354895759,0.541566053,3.862587009,on_synapse
79,0.228113061,1.123402941,0.34366462,0.594253421,0.08100789,0.232671128,0.304630905,0.911664343,0.598654191,2.898626416,on_synapse
80,0.155595457,2.701077332,0.532898429,0.660033779,0.11745886,0.794648323,4.836822409,2.348168736,2.275256169,6.760697706,on_synapse
81,0.132247985,0.444619172,0.084787267,0.121921233,0.017312009,0.073132844,0.612647944,0.42283568,0.091831191,1.042554331,on_synapse
82,0.027165595,0.963987731,0.260914703,0.423692098,0.053132971,0.274809331,0.985808208,0.520105091,0.414532956,2.562002602,on_synapse
83,0.517928301,1.333015905,0.464784631,0.707760829,0.111144413,0.162452244,0.13558282,1.097903842,0.487641567,3.664730215,on_synapse
84,0.331308313,2.126162721,0.56113676,0.671642775,0.158286711,0.467119993,2.390434224,1.039782647,0.976783832,6.759866482,on_synapse
85,0.119916193,1.213962011,0.510505589,0.493173882,0.106239159,0.142121977,0.102019068,0.726791626,0.408520531,4.086177431,on_synapse
86,0.303173429,1.222012493,0.314941644,0.378683723,0.096893458,0.233263471,0.745976884,1.144887426,0.984963269,3.728154865,on_synapse
87,0.127970218,0.785367706,0.277560255,0.270910565,0.064965026,0.198653907,1.338177652,1.344076993,0.499495516,3.342414039,on_synapse
88,0.502892279,1.91594962,0.5053984,0.758749107,0.152263374,0.257789029,2.322442296,1.896395918,1.339306363,5.682793139,on_synapse
89,0.258877921,0.902500383,0.306599454,0.481528033,0.069807928,0.191810147,1.194945031,0.954352872,0.645767014,3.362216866,on_synapse
90,0.260973734,1.243524713,0.550299168,0.533036899,0.145233905,0.610940757,0.780947097,1.289589619,0.628781502,4.52876893,on_synapse
91,0.278494724,1.08136196,0.34097286,0.408577113,0.082283878,0.177416299,1.221291195,1.882429089,1.201696802,4.406506442,on_synapse
92,0.100426969,1.828114903,0.518074261,0.603496384,0.065442585,0.448274127,1.452086805,1.548519,1.095343162,5.370445476,on_synapse
93,0.308192859,1.524203981,0.400964916,0.547920584,0.121831592,0.261954866,0.890528663,1.459380056,0.65547794,4.219988485,on_synapse
94,0.432147655,2.491004319,0.67665431,0.789215103,0.091662982,0.27560538,2.282858042,2.932289364,1.137771514,6.699947001,on_synapse
95,0.360810121,1.534401464,0.553958142,0.721641287,0.10025954,0.417549867,1.32414422,1.796625982,1.426036246,5.2344799,on_synapse
96,0.177044434,0.898616213,0.237964238,0.568763391,0.057667585,0.101907969,0.791148862,0.663804714,0.46414524,2.467475258,on_synapse
97,0.096208685,0.986799686,0.283572688,0.330903995,0.071006264,0.217349229,0.98657207,0.759402414,0.372179848,3.307289161,on_synapse
98,0.973830122,2.439810918,1.125232261,0.951256391,0.131472129,0.521919815,1.078943759,1.781429262,0.774425583,5.687693291,on_synapse
99,0.538848077,1.717044179,0.372345615,0.820196122,0.104236813,0.430188884,0.873946217,1.461232432,0.681726514,4.499854926,on_synapse
100,0.842421125,1.907048175,1.716660148,0.617971947,0.076036034,0.121245423,0.0957775,0.881630559,0.278422553,2.863770987,on_synapse
101,0.064961484,0.806873023,0.155467554,0.249117437,0.001396541,0.084497755,0.72664524,0.514966585,0.327134986,1.962316345,on_synapse
102,0.023908275,0.247963218,0.044021018,0.081944444,0.016528926,0.032497959,0.024793388,0.133005561,0.10375727,0.443176717,on_synapse
103,0.366362944,1.980843791,0.564659036,0.969624091,0.126220721,0.383309101,1.780106257,1.943429606,1.450801303,7.209160508,on_synapse
104,0.049545965,0.60536935,0.107589787,0.359609989,0.057087287,0.065735639,0.191351648,0.696909754,0.249053668,2.13609198,on_synapse
105,0.280756853,1.490301797,0.530512405,0.433089311,0.082616995,0.205392519,0.913477154,2.021096912,0.596774776,5.286149585,on_synapse
106,0.187335618,0.920755677,0.257781944,0.291554008,0.054805207,0.198907566,0.872853819,1.055223248,0.379796138,3.415562754,on_synapse
107,0.456176119,1.202039333,0.766684704,0.518416488,0.094949313,0.12353058,0.135512776,1.211738598,0.381970863,3.905640095,on_synapse
108,2.125341961,3.101886925,1.457360059,1.047473632,0.157425741,0.250581892,0.221674606,1.437617973,0.527379222,5.248756504,on_synapse
109,0.187546233,1.967864408,0.496180237,0.526386816,0.126008347,0.526636313,2.195082932,1.170130918,0.957405494,4.389613464,on_synapse
110,0.295255951,1.12285554,0.366899515,0.423969129,0.051097191,0.146076567,2.907473909,1.437202108,0.623893152,2.971599108,on_synapse
111,0.051776787,0.392476351,0.269162585,0.130864015,0.035419126,0.108225108,0.170618523,0.241140663,0.155107168,1.491009482,on_synapse
112,0.414585246,2.190463346,0.490282242,0.576022217,0.049231584,0.236420391,3.880457989,1.770509387,1.882612744,5.910234925,on_synapse
113,0.935771151,5.310521035,1.136957397,1.431298819,0.392367842,0.543438028,5.964211418,4.388261118,2.256463343,11.7720499,on_synapse
114,0.944678264,3.806404392,1.409291427,1.221207587,0.319868863,0.485278571,4.346636256,3.754689147,1.656225555,9.727298235,on_synapse
115,0.557705209,1.143130803,0.366321039,0.532712861,0.106609657,0.28422036,0.264441128,0.713793873,0.366085731,3.104811371,on_synapse
116,0.123845781,0.491140891,0.146934146,0.154547368,0.039256198,0.256445452,0.271628055,0.815957077,0.259666584,1.515916743,on_synapse
117,0.409860601,0.844317544,0.489687277,0.348218932,0.053469671,0.080806168,0.073224033,0.794844276,0.265361953,2.3832211,on_synapse
118,0.245734765,1.31544795,0.378194827,0.672517928,0.100052655,0.25609905,0.89149613,1.002687408,0.472963765,4.579648396,on_synapse
119,0.13593851,0.827962566,0.32658799,0.374661316,0.025646476,0.117497931,0.249538738,0.879414941,0.721370552,3.535162228,on_synapse
120,0.181914746,0.512469573,0.176065307,0.174095756,0.066322496,0.354859927,0.242145481,0.269977007,0.216975855,2.263663875,on_synapse
121,0.544531489,3.646896681,1.091443953,1.252183291,0.296100207,1.026920882,3.977606717,2.684072416,2.148675837,10.64386048,on_synapse
122,0.065531578,0.436436333,0.089027905,0.114372258,0.01214927,0.410541016,0.029602847,0.182506887,0.507974952,0.917929293,on_synapse
123,0.449195944,3.210976204,0.886243892,0.935430342,0.233230878,0.870543964,3.514824168,3.053432756,2.07741557,8.773642712,on_synapse
124,0.07515177,1.103643761,0.394682657,0.383231161,0.028425387,0.403927745,0.895120538,0.83247812,0.454056559,2.893332171,on_synapse
125,0.584996907,3.018717,0.902988215,0.950040972,0.165285271,0.399968753,1.789882729,2.607044243,1.569486691,10.40321699,on_synapse
126,0.49322844,2.224118996,0.633335317,0.665445136,0.124260988,0.241993447,1.038004909,1.791865768,0.987790362,7.592533783,on_synapse
127,0.126445643,0.687810555,0.230479033,0.272838231,0.003338307,0.080150622,0.589886236,0.811202301,0.323641083,3.038622972,on_synapse
128,0.23482234,1.71479951,0.662677278,0.598188323,0.049357208,0.474471993,1.390030992,1.067986047,1.09389348,8.290817901,on_synapse
129,0.133541061,0.635336158,0.234067315,0.214333199,0.00814649,0.099073915,1.152261249,0.817464417,0.867020903,2.767352343,on_synapse
130,0.186472522,1.113431506,0.295165991,0.389705929,0.068430517,0.16080231,0.7183634,0.86646691,0.387840686,3.193234428,on_synapse
131,0.131271681,0.82901681,0.21161106,0.410990588,0.064382461,0.305665876,0.328590833,0.707697556,0.35519271,2.604803719,on_synapse
132,0.153154653,0.495072569,0.168652433,0.21783619,0.006015968,0.163080936,0.257319406,0.331698934,0.181699571,1.707960922,on_synapse
133,0.141583926,2.536880803,0.644776362,0.704714442,0.139292228,0.619196224,2.827803764,1.474002972,0.967195631,7.91159464,on_synapse
134,0.137564619,1.599293298,0.491569738,0.547495862,0.112938447,0.255975864,1.386019992,2.084951649,1.096622794,4.850445391,on_synapse
135,0.240640836,2.668771752,0.560544417,0.999599672,0.143625509,0.603078342,3.54239505,1.59487198,1.197776021,5.78723047,on_synapse
136,0.22217599,0.793538287,0.257420321,0.283799166,0.061782599,0.076188814,0.910126358,0.638132429,0.404399902,2.56866168,on_synapse
137,0.358823221,1.645271458,0.46164507,0.830261084,0.13456535,0.872330913,0.978560153,1.191431005,0.576742453,6.834092184,on_synapse
138,0.222980365,0.931512091,0.239472446,0.2594534,0.062447568,0.094662251,0.287129148,0.807732913,0.403258171,2.396689964,on_synapse
139,0.157259828,0.947345934,0.384634585,0.471418733,0.037925248,0.138921684,0.390769163,1.069427136,0.859288229,4.281918208,on_synapse
140,0.368961075,1.655388663,0.461593751,0.712066553,0.108622298,0.280553551,0.424851874,1.794504387,0.860705722,4.625747919,on_synapse
141,0.17378187,0.473731422,0.144261073,0.17762785,0.029895617,0.067915405,0.125152337,0.365305694,0.229445833,1.456968677,on_synapse
142,0.347266063,2.396885522,0.540172878,0.699706981,0.121280673,0.627213582,2.75124509,1.760498769,1.16447381,5.406191014,on_synapse
143,0.476762575,2.572362332,0.568236477,0.82880209,0.11567515,0.458704105,2.758525005,1.544070758,0.844698792,7.23060238,on_synapse
144,0.248633926,0.595559977,0.18981694,0.215250853,0.048283055,0.136019284,0.407113361,0.863442222,0.517639215,1.866298365,on_synapse
145,0.090909729,1.086061371,0.337841802,0.36042687,0.089256198,0.264147791,0.809759846,0.839247908,0.511929905,3.100188119,on_synapse
146,0.621423834,3.859398276,1.065284155,1.076344888,0.072843332,0.50747564,4.592262907,2.75938871,2.560627742,10.21643263,on_synapse
147,0.528216367,3.461258913,0.958473625,0.915006547,0.077197338,0.465031204,4.398793632,2.573534163,2.381166463,8.946879003,on_synapse
148,0.202134986,1.465033064,0.343668695,0.443694362,0.100957492,0.391493853,1.50063211,1.492625912,0.764296213,3.267719015,on_synapse
149,0.431513508,2.2216731,0.692277715,0.813123519,0.176830029,0.439957941,1.668727114,2.260634544,0.863980008,6.050253517,on_synapse
150,0.166953627,0.893730232,0.587496174,0.352069942,0.091459417,0.226825707,0.39169345,1.001479441,1.036944572,3.909497755,on_synapse
151,0.222470284,1.989812902,0.651744082,0.883969748,0.171416182,0.323133481,3.10048592,2.109340246,1.590691001,6.580014794,on_synapse
152,0.256524366,2.177567181,0.72253469,0.986905832,0.188196676,0.366076325,3.636841107,2.358557163,1.797074278,7.441252009,on_synapse
153,0.091299676,1.029417438,0.317003686,0.535854122,0.082359262,0.341959685,1.112463014,0.742943163,0.515207313,3.751831765,on_synapse
154,0.387703583,1.920950349,0.463059414,0.527830387,0.114511593,0.199650386,1.836690771,1.579763066,0.919049236,4.756550671,on_synapse
155,0.155704066,0.844461733,0.301548028,0.39254427,0.071367434,0.358937297,0.420996582,0.59956467,0.348766849,2.424617244,on_synapse
156,0.178873117,0.458562902,0.100838988,0.270060666,0.008894713,0.232649517,0.244133252,0.34975704,0.127609215,0.964333997,on_synapse
157,0.000146669,0.680383379,0.108675932,0.129412018,0.002841706,0.146380153,0.393236341,0.289832511,0.301027956,1.330934822,on_synapse
158,0.091942149,0.503536345,0.294878499,0.188128479,0.001692004,0.187519131,0.791608566,0.385039367,0.255091601,1.559816034,on_synapse
159,0.350312628,2.687336592,0.69571265,0.747583155,0.034556423,0.257641918,3.599211018,2.62965434,1.460055096,7.262984963,on_synapse
160,0.429365467,3.206876212,1.267907133,1.265168255,0.188108197,0.660998399,3.333418624,2.149267294,1.981105244,12.39886077,on_synapse
161,0.031591164,0.144917185,0.076528472,0.066093029,0,0.020570463,0.010135729,0.088028149,0.038448458,0.490645796,on_synapse
162,0.769649621,1.172550154,1.130534352,0.532735818,0.114307532,0.18065918,0.144766797,0.889792815,0.328979505,3.499584704,on_synapse
163,1.043820642,1.038175668,2.861209599,0.785214661,0.009434978,0.195690774,0.102955764,0.740744992,0.300919549,3.800322955,on_synapse
164,0.000182197,0.406016332,0.137890448,0.19828516,0.009236485,0.073013687,0.339968954,0.24518544,0.278247846,1.086544558,on_synapse
165,0.385198081,1.604190757,0.564419447,0.605492353,0.151094985,0.267985693,0.925507176,2.21754016,1.067861556,4.859035076,on_synapse
166,0.732103229,1.273852796,0.708122896,0.516406967,0.287178126,0.232066562,0.3411275,1.022049727,0.468939713,5.007593294,on_synapse
167,1.703079476,1.856299386,1.457531261,0.81937855,0.115173197,0.338240712,0.355145167,1.420494932,0.612337602,6.28467971,on_synapse
168,0.147197193,0.543180383,0.153458512,0.1699149,0.010165576,0.052441237,0.044361704,0.339747698,0.327670646,2.065156776,on_synapse
169,0.417893157,2.064700739,0.472882586,0.985744085,0.112176053,1.020257995,0.633180146,0.701524929,0.577334796,5.3786901,on_synapse
170,0.184127328,1.232697344,0.379105307,0.413800604,0.110523019,0.351182986,1.24086261,0.614240044,0.631243694,4.049595988,on_synapse
171,0.183856664,1.244619313,0.388003208,0.430926124,0.112904437,0.37789157,1.299734863,0.61564367,0.640467526,4.238070237,on_synapse
172,0.170516897,0.983849437,0.313011569,0.59824536,0.015623406,0.52509948,0.39096705,0.482970133,0.264189312,3.30910678,on_synapse
173,0.167926459,0.589889495,0.169151532,0.186176439,0.046042637,0.154525757,0.442992637,0.398868738,0.230793485,1.563725073,on_synapse
174,0.519816218,1.074009189,0.885757751,0.300880331,0.05420174,0.115007716,0.121822391,0.720728114,0.184849362,1.476972854,on_synapse
175,0.254272523,2.823865762,0.590663935,0.694618746,0.152433425,0.257154882,1.710595007,2.940204514,1.012104774,7.158494315,on_synapse
176,0.217086267,1.201240945,0.267084354,0.346478676,0.076674574,0.197702403,1.270742781,0.930128941,0.473498878,2.929859836,on_synapse
177,0.237687623,2.591988204,0.427160919,0.608169234,0.019220686,0.58642613,1.393306664,1.255880919,0.585015418,4.616413149,on_synapse
178,0.284897233,1.665948203,0.272146266,0.465614336,0.088848644,0.284894399,1.12648936,0.802668945,0.750403162,3.030835147,on_synapse
179,0.042626744,0.821655812,0.218417338,0.285432892,0.057341088,0.286828725,0.193631744,0.773700104,0.409626569,2.232810002,on_synapse
180,0.090464834,0.947046928,0.317568927,0.375594469,0.094773493,0.111871379,0.758022141,0.979287119,0.39262717,4.197991418,on_synapse
181,0.216662203,1.679691486,0.545385675,0.838668886,0.154860473,0.389923222,1.595088511,1.389674523,1.136537726,6.356344378,on_synapse
182,0.005769182,0.363862106,0.11990677,0.103574253,0.0513417,0.097669243,0.338161922,0.349234134,0.159954979,1.284630395,on_synapse
183,0.463274634,0.652272408,0.722992233,0.368836726,0.051936665,0.09995313,0.038911049,0.355314509,0.160736149,1.908363942,on_synapse
184,1.305781936,1.763067066,1.383500408,0.756730818,0.089246314,0.13378418,0.18422307,1.15248444,0.401406744,4.503853242,on_synapse
185,0.10922284,0.835775686,0.367283242,0.36128683,0.091848621,0.27949529,0.473866045,0.907612177,0.504662223,3.901893514,on_synapse
186,0.097629547,1.573449138,0.349957912,0.439559739,0.113627595,0.135508335,0.826988318,1.238476144,0.852970201,4.931571874,on_synapse
187,0.15810249,1.043142565,0.350726683,0.427711458,0.093196272,0.151423749,0.863581806,1.010789007,0.672921697,4.83620719,on_synapse
188,0.220130599,1.013804395,0.384741512,0.442907611,0.012246837,0.388618668,0.552950592,0.781170289,1.012419013,4.554752066,on_synapse
189,0.168595679,1.168815682,0.247928145,0.295501735,0.107542598,0.134367029,0.631844327,0.645232629,0.479255306,3.110905137,on_synapse
190,0.367783474,0.960556037,0.313007318,0.325427394,0.098292833,0.158123746,0.530680685,0.615902289,0.431030989,2.997828311,on_synapse
191,0.146587225,1.164378068,0.282218226,0.33156764,0.127630117,0.149687815,0.927525111,0.963390215,0.233665924,2.951345668,on_synapse
192,0.06944161,0.435914277,0.126166973,0.156645014,0.031455832,0.18627351,0.221539894,0.437921584,0.130040585,1.464183785,on_synapse
193,0.341312253,1.688026449,0.835038091,0.62164575,0.171243155,0.383749107,0.894063389,1.346595869,0.665034889,5.837908405,on_synapse
194,0.407048884,1.890484531,0.523845356,0.631520026,0.156495511,0.333613208,2.354506768,1.526967911,1.061063072,5.831773827,on_synapse
195,0.606820095,0.856151796,0.251442455,0.368756377,0.061271809,0.217477808,0.620515126,0.531267218,0.540238879,3.066284053,on_synapse
196,0.075623023,1.230010968,0.456109708,0.394549026,0.089540608,0.21856507,0.833978038,1.518461126,0.826897766,3.872043669,on_synapse
197,0.375895157,3.477860996,1.098492022,1.127955693,0.096169237,0.80972286,4.403400323,3.67705942,1.723150061,9.157118056,on_synapse
198,0.239366164,1.784256,0.572914895,0.566630106,0.104660522,0.19258239,3.009943713,1.17746701,0.854200677,5.104387733,on_synapse
199,0.139420297,0.735243853,0.177540699,0.251744437,0.0375564,0.080839965,0.480680118,0.658003293,0.527692752,1.841947817,on_synapse
200,0.421450617,0.871154729,0.309383609,0.364110805,0.070232629,0.130494975,1.342932481,0.757487119,0.499114886,3.442353459,on_synapse
201,0.143096368,0.750858331,0.276426513,0.284469059,0.064958295,0.193736609,1.27141937,0.419627461,0.435405826,2.609984313,on_synapse
202,0.886841266,1.054507193,0.75080604,0.376293873,0,0.076503035,0.170540634,0.501395903,0.223858535,2.140174472,on_synapse
203,0.218294052,1.569603867,0.465777567,0.59644424,0.167476533,0.217811001,1.421875797,0.944673216,0.729126014,5.554191696,on_synapse
204,0.490176031,0.36402252,1.106489984,0.268050879,0.034191522,0.057726536,0.0372496,0.310424673,0.147151226,0.891061286,on_synapse
205,0.226874968,1.125208843,0.317753769,0.405960648,0.095993075,0.330733949,2.06519982,0.680765993,0.579514367,4.270712969,on_synapse
206,0.297939624,1.881076548,0.44177061,0.595768927,0.156218753,0.319441894,3.47228089,1.252795633,1.37046985,5.899948985,on_synapse
207,0.332807239,1.813475666,0.502346699,0.618477706,0.053182073,0.237716177,2.866588868,1.326196944,1.294456561,6.610337593,on_synapse
208,0.060440261,0.581461075,0.157346827,0.257344914,0.040039919,0.079123304,0.171277166,0.453443526,0.147486864,2.069171513,on_synapse
209,0.255709717,1.365252111,0.330941996,0.684451045,0.085224881,0.523094742,2.086693163,1.259543031,0.590259444,4.566844263,on_synapse
210,1.514216502,1.950473804,0.87681104,0.777851909,0.134696874,0.175315338,0.161327607,1.019085266,0.465037847,4.977786068,on_synapse
211,0.891875191,1.228507933,0.707273493,0.526318105,0.090672508,0.122942174,0.105927329,0.632782369,0.348068437,3.476714111,on_synapse
212,0.134634859,0.508714672,0.164506173,0.170832058,0.041357387,0.156843052,0.153966432,0.574609734,0.206648556,2.069702709,on_synapse
213,0.311175518,1.254087593,0.371691026,0.508914269,0.104062086,0.253933272,0.997268774,1.309036705,0.764467274,4.594079686,on_synapse
214,0.199316396,1.203201346,0.296944614,0.493703165,0.072120617,0.272232709,0.420907305,0.731519034,0.415054019,3.047142298,on_synapse
215,0.385576443,1.922454767,0.500269955,0.517766753,0.10207646,0.291007012,1.108573813,0.92160593,0.858257802,3.470457946,on_synapse
216,0.018179834,0.127188694,0.053089112,0.0654936,0.009124636,0.049829099,0.061893486,0.070148738,0.051086766,0.517975065,on_synapse
217,0.206239159,0.845884986,0.314182226,0.397531502,0.068081701,0.095320631,1.506741659,0.972821013,1.032029257,4.09185351,on_synapse
218,0.100210154,0.40141383,0.138387948,0.192029725,0.037323289,0.08860703,0.210446922,0.325459987,0.173754946,1.167591317,on_synapse
219,0.311953712,2.294071467,0.404728401,0.51629298,0.111770057,0.376671456,1.54262391,1.565910933,0.879259769,3.717289336,on_synapse
220,0.465281763,1.202409193,0.391375083,0.531187028,0.08792231,0.365496027,0.693423343,2.124277816,0.420767014,3.776155654,on_synapse
221,0.221523314,1.080290277,0.274698373,0.384824253,0.075945057,0.441730436,0.62724722,0.654701051,0.482510076,2.370534894,on_synapse
222,0.179130673,0.495108209,0.199103833,0.200452193,0.007125123,0.127730022,0.18010067,0.208371595,0.118198682,1.373402941,on_synapse
223,0.142441619,0.670269615,0.255004273,0.26052906,0.195198513,0.529798458,1.048642199,0.353941881,0.412689075,3.387755395,on_synapse
224,0.083234947,0.61065744,0.299514809,0.239739567,0.059836278,0.193243765,0.388303125,0.597163008,0.25881652,3.176360466,on_synapse
225,1.537816158,2.826856111,1.384076379,0.974583383,0.132511875,0.560553451,0.961856912,2.1206973,0.821756754,6.004235059,on_synapse
226,1.182124374,1.447593216,0.794564917,0.533101072,0.060799797,0.124893111,0.065519614,0.820233864,0.322840397,3.085426576,on_synapse
227,0.001037841,0.26629298,0.065323373,0.062491232,0,0.02228089,0.076477368,0.147285672,0.060519972,0.92540302,on_synapse
228,0.287141193,1.584168707,0.416237289,0.454754475,0.11061017,0.167124386,0.470194368,1.121307066,0.472401484,3.854083767,on_synapse
229,0.243640317,0.594849378,0.18311078,0.226680313,0.043172891,0.145207122,0.489892613,0.504368814,0.224995536,2.479469569,on_synapse
230,0.120480372,1.15365221,0.216266197,0.206260841,0.045915277,0.24071045,0.182722905,0.360395304,0.158238796,2.601381555,on_synapse
231,0.245826673,1.205817292,0.361290373,0.368934151,0.062860649,0.142636381,0.767851778,0.672522078,0.648665386,4.403566388,on_synapse
232,0.183384508,0.718844059,0.279104173,0.282325305,0.08660548,0.092273748,0.3965603,0.652662994,0.223519124,2.917406387,on_synapse
233,0.131886255,0.731002417,0.241224588,0.299935115,0.054178942,0.110206388,1.027509948,0.820670404,0.633048445,2.137120893,on_synapse
234,0.017366425,0.208949058,0.062148562,0.069255263,0.014215528,0.121419016,0.173846348,0.09849406,0.144176756,0.892760376,on_synapse
235,0.164524028,1.171836916,0.378789296,0.642760376,0.095898661,0.390451229,1.350842176,0.773518008,0.627454398,4.758241789,on_synapse
236,0.069661145,0.285605309,0.104636394,0.124492695,0.001171186,0.049055786,0.285903429,0.453282828,0.222471491,1.611858917,on_synapse
237,0.169950998,1.664351852,0.415950176,0.39493271,0.173797749,0.167324285,2.757946529,0.816703744,0.969289873,4.436826098,on_synapse
1,12.81706373,25.65339527,8.202424072,10.92021647,2.270728114,2.749620574,3.034090909,18.46457738,7.458952955,83.65090509,around_synapse
2,3.068062783,21.36229296,8.262548677,8.831532922,2.393328274,2.86922678,3.336329414,18.93319559,8.073674455,80.1482438,around_synapse
3,4.601987361,21.08138041,8.324606545,14.17745638,1.007534308,2.525928477,2.285197301,15.57018257,5.16219646,74.2498055,around_synapse
4,4.630417177,22.72713031,8.431751224,14.6555496,6.28575528,3.492322212,3.210128431,16.38480661,6.614033857,90.70965016,around_synapse
5,3.728037955,18.05531961,6.889187328,11.07520916,1.065879757,2.97627538,3.462480869,20.05482349,6.240739465,69.58783287,around_synapse
6,9.061435058,21.24605695,8.276267515,12.33981545,1.08714672,3.422990426,2.622535328,14.74882134,6.212991659,76.82077615,around_synapse
7,5.575746948,22.20809739,8.213470989,10.16810572,1.961759854,2.767607685,3.237791424,24.11268727,7.68617573,85.22552546,around_synapse
8,5.105155086,20.98406731,8.105594295,8.702763111,2.053617775,2.663142632,5.062228982,16.60011973,9.2540581,77.11592727,around_synapse
9,3.737040544,21.56485467,8.474297903,8.156983344,1.922724722,3.21931595,3.181822964,19.84803209,8.282192187,85.80933068,around_synapse
10,2.123801143,22.12308055,8.691035991,8.38574986,1.328384859,3.084691613,2.681376581,19.83021662,5.503440338,81.23747896,around_synapse
11,9.057283696,21.18154504,8.071598774,9.261557069,1.917015271,2.76845475,2.831455336,18.22691881,7.401780856,82.75069508,around_synapse
12,4.544609606,21.90737127,8.051366995,8.953836556,2.156496573,2.746658504,5.202475088,24.94231987,10.32979097,81.45737361,around_synapse
13,5.559486277,20.89053668,8.22075426,9.62642715,1.942894858,2.872173758,2.573520559,21.82883379,5.998936333,75.00235435,around_synapse
14,4.569465701,22.65006334,8.262818632,9.817242288,2.478255833,3.238401481,2.789176487,21.2286427,9.413795999,77.61177537,around_synapse
15,6.709384459,22.71568484,8.365106239,10.80562039,2.365509047,3.414674948,2.867097958,15.29525686,7.756415162,82.29834434,around_synapse
16,6.040561337,21.62001539,9.129171556,10.33991429,19.43409261,2.871541594,3.008228327,16.45287364,9.64230797,99.70340186,around_synapse
17,5.460355608,22.44716579,8.206558164,10.3478918,2.338895585,3.701184031,4.325449093,18.23414463,7.623673605,81.47474269,around_synapse
19,3.548749277,20.79908513,7.795896677,10.33574699,1.958885998,2.779537802,3.872472622,27.67282994,7.327482527,70.33156481,around_synapse
20,5.694643723,22.53506817,9.537799077,9.520626084,2.125425658,3.33690918,2.957706803,17.25497398,7.868763391,100.1279828,around_synapse
21,9.219215514,23.47571358,8.638394679,10.79681601,10.91940767,2.761864223,2.940796857,16.83802461,7.676984491,86.3521877,around_synapse
22,10.5724384,25.1611836,8.182218864,12.26273042,7.004934658,2.723883405,3.190995604,17.55522927,8.692366638,82.71119656,around_synapse
23,4.858736779,21.52212678,8.210439836,11.29689891,1.699615048,3.065719272,2.908510611,16.76525886,6.493891992,75.31771418,around_synapse
24,5.630685804,13.43679376,5.963924281,5.916158906,3.887401477,1.872118438,1.81404879,18.9313981,6.182715731,51.63394041,around_synapse
25,3.872418418,21.64145134,9.084938187,9.000147732,6.814060215,2.806614121,3.251197794,14.9515515,8.119150257,82.60522417,around_synapse
26,5.469226354,21.10991863,8.768925365,9.23166131,2.247509183,2.995547648,2.763216764,16.82040098,5.987890266,82.91028722,around_synapse
27,8.547933565,22.21288166,8.940272357,10.27916475,1.988607668,2.949635241,2.810706497,16.45617316,6.316287879,98.34384087,around_synapse
28,8.248120636,23.8018861,8.048712231,9.666433454,2.299658745,3.319873519,2.745866858,16.44227083,9.123274593,81.79853641,around_synapse
29,3.309026715,12.7319927,5.468724492,5.651748971,1.375791798,1.713522005,1.82556308,11.7366117,5.895598451,42.71515555,around_synapse
30,4.958104828,23.3294583,9.13571213,9.602292921,2.186575349,2.931893642,2.787556754,15.80265938,7.262208576,90.07961454,around_synapse
31,13.91110043,22.12197576,8.30243486,12.94599563,2.586120836,2.965040238,3.654544179,19.6044624,7.776171596,82.43967931,around_synapse
32,4.146710157,22.77096406,8.198152612,9.698986392,2.012337708,3.240349358,3.167863133,19.58769354,8.817741015,88.78620326,around_synapse
33,10.27613891,20.14886661,8.520735554,10.869332,2.146570928,2.84037662,2.816449427,14.9632393,6.120688153,77.10463856,around_synapse
34,4.423726806,21.30125388,8.36254227,8.156331533,1.624887038,2.976097556,2.911829332,16.3825293,8.045047335,80.14188694,around_synapse
35,4.791628405,21.04505439,8.129632818,8.331348523,1.946473096,2.800646937,3.270825362,19.46609004,8.950265757,78.90665414,around_synapse
36,3.638604054,21.22077467,7.293080921,9.447778855,1.781657059,2.653264548,3.076256391,15.21791923,8.225731643,74.2683676,around_synapse
37,4.522932751,17.48129088,6.230495896,7.585619098,1.420557993,2.242359056,3.473754804,21.40824703,7.945103391,66.46125325,around_synapse
38,9.7281992,25.05385201,8.463750055,9.478693865,7.611903669,2.604466381,2.663120199,15.39795411,6.8327667,77.24266839,around_synapse
39,9.561755816,22.63153696,8.957850602,15.62837721,2.267953525,3.584784716,2.804603484,14.59216725,7.250939317,80.66836292,around_synapse
40,4.762228769,20.56407651,7.730957867,8.533429837,1.946605505,3.321261861,4.317183479,20.84293907,8.539091816,74.8158089,around_synapse
41,0.789522965,6.247013485,2.800601767,2.393860746,0.265140887,0.916285115,0.73144322,6.268722579,2.365842771,21.2197161,around_synapse
42,4.959170301,22.2023789,8.139817525,10.55112999,1.93217768,2.875974869,3.323634865,20.01822438,9.416856379,85.36174482,around_synapse
43,3.608088602,19.87833349,7.406063724,7.758659122,1.835051129,2.620390635,4.114503055,26.94258714,6.808356715,69.56963306,around_synapse
44,10.23673969,21.79000594,7.421071283,11.42747642,2.105459355,3.174697917,3.046051241,21.68954881,8.937978268,75.17131634,around_synapse
45,3.578120217,14.51387773,4.433857196,6.214204864,1.426170639,2.095260528,2.418641912,10.65580999,5.776119784,44.77717277,around_synapse
46,6.893434708,22.68115225,7.244749078,10.93178083,1.799640525,2.848831023,5.180109173,19.55244727,9.157821906,77.33847767,around_synapse
47,6.119762439,23.442948,7.58754315,11.77723893,1.458778654,3.057258188,3.313258851,16.96906141,8.561661438,77.03083019,around_synapse
48,4.574066989,22.77574071,8.234515469,11.85807783,1.885837896,3.17371881,3.370868477,21.85603368,9.616819145,77.98119452,around_synapse
49,5.468536374,19.9022198,8.236545537,9.276168408,1.439284735,3.437454565,4.68152883,15.78498208,8.536482247,65.75835693,around_synapse
50,6.832861443,22.64158074,7.963983267,11.90008912,1.695157063,3.095788217,3.675037145,20.38966846,9.723854709,73.24837708,around_synapse
51,6.004690666,25.35632844,7.270970892,10.21347311,1.833852595,3.016242876,3.828498732,20.50063314,10.2671657,72.03443435,around_synapse
52,8.723734256,21.92107381,6.098264491,9.640004138,1.125770896,2.594293099,3.052871589,21.53210769,7.761027078,56.45118341,around_synapse
53,16.18702082,20.35090443,4.756765891,8.566993893,1.139071086,2.130411255,3.242252066,13.43183549,5.285184092,46.59368395,around_synapse
54,4.875234351,23.70432864,7.179123144,8.902441396,3.042399213,2.847728389,6.12902781,19.1075815,10.08289731,72.05288523,around_synapse
55,28.60504588,29.48294418,7.754824125,13.9349596,1.691949482,3.880009852,2.64634508,18.53227748,7.855745747,68.74623843,around_synapse
56,15.77937209,22.58354778,5.263324715,9.096346401,1.191220739,2.210624098,1.733982684,13.43430836,5.704964326,47.94867925,around_synapse
57,16.7668771,30.53930976,7.12662611,10.98983905,1.637405622,3.201405469,2.444037598,18.49570069,8.3331382,66.77691307,around_synapse
58,19.37803158,30.898254,7.360308897,11.2119146,1.698537139,3.175413223,2.774398021,19.26942404,8.275390266,65.81046194,around_synapse
59,7.125656112,21.50289157,7.423171814,11.09933298,1.799779501,2.939554779,2.837313228,17.86982408,8.039936401,66.98920816,around_synapse
60,7.983584441,22.73462388,7.707313029,10.93043723,1.626539667,3.391027985,3.304523915,19.15106097,8.479432371,69.08590818,around_synapse
61,6.993624375,24.4509119,7.254206203,9.586245026,1.18385879,3.078917968,3.652573717,15.18601163,9.891680696,70.20252525,around_synapse
62,6.197533597,21.8714344,7.300231755,11.43301704,1.786767385,3.200676498,2.652238474,15.85920168,9.257912822,64.26671932,around_synapse
63,5.277601616,21.76034652,8.008377653,10.39386287,6.070689534,2.88359367,3.615828423,16.17663934,8.901302322,64.25076523,around_synapse
64,4.974630565,25.85119822,7.382140003,11.25435436,1.78585731,3.585163504,4.704071438,19.07248516,8.828058574,70.96162594,around_synapse
65,5.834722081,19.57132634,6.524939349,8.657881424,1.524784886,2.899429905,3.28620308,25.54305045,8.187054326,62.40642891,around_synapse
66,5.824899883,19.07528011,6.923219729,9.894468677,1.617658594,2.711004457,2.210817136,13.11599263,7.117876205,58.56985815,around_synapse
67,4.746106265,12.9738783,4.592875089,5.47619822,1.120103178,1.925582211,1.451685415,9.548170467,4.573412152,38.71592057,around_synapse
68,7.355223106,17.86541906,5.856193812,9.471934553,1.453206305,2.537642843,2.229069596,27.46725958,9.919113271,52.21931294,around_synapse
69,6.966256278,17.75037553,6.01139127,6.977921045,1.442629862,2.307732913,2.063623043,12.09107631,6.455737935,52.86237657,around_synapse
70,5.760315274,18.31316957,5.893250689,7.02026834,1.50328793,2.482056678,2.65315274,14.12860677,6.721156004,48.77678553,around_synapse
71,3.52377436,14.79640725,4.598682532,5.859645699,1.191365677,1.93308591,2.039008775,11.94650546,5.382730079,45.24122666,around_synapse
72,4.368920263,24.07172482,7.227961433,12.81340042,1.863008877,3.563994745,3.680000765,15.66540914,11.16447301,67.47397587,around_synapse
73,5.19906132,22.41223189,7.790187226,10.46670408,1.873648806,2.932389977,3.421882263,17.10220187,8.471663889,74.58669609,around_synapse
74,4.074669251,22.10499212,7.79886973,10.82691321,2.033633898,3.219638869,2.985450748,23.90069537,13.18416063,72.52489896,around_synapse
75,4.998677431,22.016608,7.097998291,9.089141414,2.387047878,2.823237425,4.094079686,15.07563323,8.355614861,59.67242565,around_synapse
76,5.716506394,23.10698171,8.32963544,10.89138013,8.270981419,3.178719717,4.717883804,21.75922029,9.352114722,71.83490063,around_synapse
77,4.159602336,17.73508379,6.263222503,9.010708091,1.257042011,2.606544613,2.684696715,14.04611328,6.953907765,50.45212096,around_synapse
78,5.528558594,22.51241795,7.360686693,9.721560442,1.845511796,3.045274575,3.544622006,21.75869809,8.97343525,66.77938263,around_synapse
79,4.47731524,22.57665743,7.421748348,12.167648,1.863023473,3.07424625,3.006607177,19.5282773,9.517897834,67.75972832,around_synapse
80,12.90890871,23.00166164,6.996326905,12.52718199,1.614077281,3.025825535,4.585744713,25.31834124,10.61567424,69.57936235,around_synapse
81,9.90892511,24.87001199,7.59516631,12.01598944,1.721997755,2.958494031,3.01327288,15.69208754,8.889608203,72.86284818,around_synapse
82,7.20817965,22.20417623,8.177325018,11.95304816,1.372939624,3.436971355,2.841278313,14.38858407,8.064432838,67.61993547,around_synapse
83,30.85427011,24.16877246,7.347708284,15.36500669,1.816836292,3.100001134,2.592257451,17.47979231,9.215914051,57.25717472,around_synapse
84,7.558780141,22.80319114,7.04506272,10.7724722,1.932453038,2.949415593,3.463594985,14.55318618,8.713504999,71.52430024,around_synapse
85,16.84271942,25.75119744,7.465058838,11.16723563,1.911317156,3.021503616,2.558855247,16.42013216,7.938783883,59.98691673,around_synapse
86,7.8445751,23.4652544,8.070498759,10.72775241,2.111121031,3.100293763,2.462193484,19.5757427,10.85586151,75.43907722,around_synapse
87,6.659481317,23.72770919,8.149721117,11.8056505,2.098677573,2.837126172,3.707459698,19.59012048,10.9084015,82.45521432,around_synapse
88,5.768957816,24.7189445,7.427903474,8.848235441,2.063224841,2.700389841,4.404550556,20.77276412,10.88081928,75.2224277,around_synapse
89,5.574066422,21.6391682,7.725824533,10.21522102,1.511617437,3.077874069,3.281279334,15.7848606,8.470962784,68.36262945,around_synapse
90,5.935940392,22.41386903,7.127991677,12.23666317,3.247712515,3.401502398,2.80102249,19.03627454,9.871413449,71.54322536,around_synapse
91,5.963399325,23.73032726,7.244441165,12.95190542,1.836857937,3.787619157,3.023407779,20.46230523,9.506654751,71.63579883,around_synapse
92,6.026334473,23.38454197,7.626032349,10.74071027,2.938286484,3.275712371,4.134296104,22.08720269,10.01092221,76.29038845,around_synapse
93,10.82321593,22.48238609,7.240137668,11.0930162,1.97295921,3.273321235,3.002378584,16.84548406,9.571010429,74.00378241,around_synapse
94,4.879015322,21.86152915,7.44492838,10.4428566,1.383326106,3.302379859,4.039572918,21.25612891,9.458405605,70.03207156,around_synapse
95,5.725311193,21.28986838,7.57119873,12.20401872,1.349621212,3.433797572,2.597162917,16.56526949,9.043732145,66.53015445,around_synapse
96,5.396191715,23.24462682,7.359426334,12.71144526,1.799662024,2.923460616,2.953534078,14.92541195,9.639114631,72.85692659,around_synapse
97,3.912606794,17.23223734,5.559389244,7.912197371,1.445589684,2.887639147,2.522735862,13.05122512,6.574622357,55.68796668,around_synapse
98,11.82987124,21.25962324,5.427824542,9.770174741,1.26150159,2.798254926,2.569884025,13.58635428,6.139213119,56.19907252,around_synapse
99,13.99189735,25.52797865,6.764595928,12.17548592,1.604742979,2.806355059,2.5986363,15.67909445,7.789235473,68.50797671,around_synapse
100,12.61256646,22.72703749,6.371448775,9.635700439,1.545490681,2.463597819,1.884191239,13.90299105,6.069460032,53.33627734,around_synapse
101,6.975035711,23.16934369,7.593292776,10.25382997,1.62298745,3.164094225,3.065942251,15.55484007,8.330053056,71.09530788,around_synapse
102,5.219801551,22.13119962,7.372816549,12.12257933,1.738703959,3.009953066,2.525529283,15.95280584,8.596099888,64.33788006,around_synapse
103,5.579986372,22.1581945,7.301191023,10.68957067,1.795455456,2.914022986,4.291661201,16.62786414,7.730553187,62.28686213,around_synapse
104,21.45034308,26.38712504,7.522125293,12.22461866,1.953702428,3.011595756,2.64941205,20.40392817,9.47622564,74.52868202,around_synapse
105,5.15086577,22.47966832,8.380098332,9.201665221,3.912390955,3.346497381,2.97833767,23.536478,9.077281655,72.50181317,around_synapse
106,5.022548011,22.59509801,7.502316232,9.235597416,10.11352158,3.245064279,2.95907022,24.72973138,11.61582789,67.84146317,around_synapse
107,14.97105252,25.81505076,8.429596288,14.96072103,3.339940713,3.863737483,2.428356436,20.96960678,7.793833902,77.18952421,around_synapse
108,20.14650928,27.69754282,7.557444712,11.67486337,8.491146471,3.103918765,2.26783619,15.71099489,7.159996429,67.24607103,around_synapse
109,10.39906961,23.23167996,7.435616423,11.50572566,2.050780851,3.240439432,4.046198251,18.32526337,8.719224282,67.54710138,around_synapse
110,5.445107642,21.85062202,7.367519896,13.07360765,1.461765017,3.115050214,3.708744188,20.86697695,9.671166025,74.52857125,around_synapse
111,13.50782355,24.43971096,8.446567952,17.33385988,2.052814399,3.493645874,2.824305464,17.27171061,9.273243802,78.06407145,around_synapse
112,5.557567468,21.7747175,7.606093766,10.36085221,3.613346215,2.899410137,3.178220972,20.53402076,11.28168363,67.79009221,around_synapse
113,4.301521812,22.48485274,6.719497869,8.966128031,2.893006241,2.539799652,3.751023138,22.39125614,10.89561864,68.4554446,around_synapse
114,8.83928369,22.351781,6.944984355,11.58356644,2.771990386,2.562138642,2.947295627,16.04623607,7.968493861,62.86923528,around_synapse
115,4.478102362,23.0631785,7.052203857,11.75651018,2.104709979,3.206779283,2.365976048,17.95278989,9.425760127,72.02146528,around_synapse
116,5.641410156,23.52580971,8.508988241,10.08116997,1.897150163,3.290474186,2.904925199,18.77569413,8.078355366,68.27325576,around_synapse
117,28.76606788,26.20975219,7.45500778,13.92706867,2.463674625,3.420896465,2.548987986,20.55287726,7.726995332,72.15393008,around_synapse
118,5.899963743,23.1448522,8.333098299,9.6731292,1.992655633,2.999082637,2.737418376,16.77867328,8.475740449,71.50240774,around_synapse
119,5.921551372,22.18349672,7.669435658,9.333363092,1.188635797,2.818976097,2.815046509,17.11748093,9.390692843,71.0950647,around_synapse
120,10.48804878,23.02510495,7.500351641,10.75585399,5.896083854,3.44882993,2.84204509,15.2917441,8.492844207,69.91448486,around_synapse
121,3.371012046,20.20951784,6.500543631,8.24349875,1.829377264,2.879506077,4.20953777,17.69501757,9.601206191,56.99976007,around_synapse
122,6.060405826,24.04217172,7.55541909,8.969219978,11.07894092,3.672969595,2.665284155,15.9212338,9.279841343,73.69338715,around_synapse
123,5.625863716,24.6161765,6.95793584,8.31534764,1.722263318,3.34898083,4.620123797,18.31030564,13.03875526,72.57166644,around_synapse
124,4.596904086,22.26039435,7.524281819,10.45015319,1.378200495,2.907698619,2.776756765,14.01362318,8.244725595,69.23800788,around_synapse
125,5.319516185,22.09039655,7.5307255,9.55141057,4.111831701,2.826004681,4.689832351,18.78992577,9.292180804,73.77328605,around_synapse
126,4.737906563,20.86891573,7.675477417,10.23631163,1.8101781,3.457077793,3.982589645,15.63856012,7.700558475,69.70818737,around_synapse
127,5.022671156,23.40599174,8.857487756,8.858586496,1.40677992,3.065983063,3.730124477,18.16878571,7.957046475,82.28136989,around_synapse
128,6.362552291,21.69366264,8.125176002,9.006399219,2.13174421,3.037689394,2.386124503,22.55575579,8.260859861,73.4698768,around_synapse
129,4.917135369,22.41823379,8.441198602,13.01928614,4.895445937,3.3619975,3.453274857,19.55147035,9.017661623,86.10908405,around_synapse
130,5.622934681,25.672649,7.784389826,9.563647842,1.986441913,2.724242903,4.82760608,17.74093205,10.11004378,74.70127729,around_synapse
131,4.306768442,23.8079335,7.901592312,10.71325311,2.236092618,3.10625,2.828816575,16.50013264,9.231074635,77.50905775,around_synapse
132,5.645998495,22.70498737,7.746159193,10.24014131,3.248449138,3.290001658,3.146421284,15.45152854,9.063198908,73.30730283,around_synapse
133,13.78470389,22.25267033,7.210944674,11.21550256,1.7910226,2.786002385,2.66254958,28.99607103,9.385356086,64.6439107,around_synapse
134,10.62185973,28.25153471,7.162027117,10.69584736,1.941263788,3.185992217,3.950796546,21.39017135,10.3904243,70.76135655,around_synapse
135,6.718979214,24.47485234,6.879767796,9.428147921,1.842340351,3.171446508,5.244019885,20.87956444,10.98879012,63.98953409,around_synapse
136,7.851603153,25.51271793,7.305973243,11.61867969,1.953159276,3.466499751,2.949399296,16.36715243,8.769744478,69.31290334,around_synapse
137,4.67121198,22.85651124,6.931646714,10.02896955,2.089406977,3.172658827,2.8369129,15.38495222,8.195427196,70.62901745,around_synapse
138,7.235452165,24.05944121,7.279680928,11.5492984,1.980019754,3.378891326,2.573802702,15.81350472,9.396060068,68.90911783,around_synapse
139,5.072041665,21.99643805,7.077811849,9.05740759,1.57394107,2.882262378,2.697330447,17.78317172,9.858182292,72.67837466,around_synapse
140,7.620432317,24.25217088,7.092027781,10.21703598,1.749369598,3.351589488,2.812446252,23.74388455,9.31157626,66.80229514,around_synapse
141,6.50205903,23.29611987,7.750598012,10.39904233,1.896281133,3.247049621,2.674462782,15.55447148,7.866702236,67.38735772,around_synapse
142,7.27752589,23.47379493,7.131764297,9.812658625,1.705305103,3.430163376,4.48320723,18.85302998,8.828051666,64.82132882,around_synapse
143,6.574102315,23.93559877,7.196084219,10.33926567,2.105458444,3.159853404,3.974338442,23.48540328,9.707254726,70.42873905,around_synapse
144,9.491695859,22.7530269,7.30700878,10.1139049,1.946124403,2.852597949,2.830030808,19.29757238,9.300988986,70.05031799,around_synapse
145,7.621158555,23.50940529,7.31602515,9.610217707,1.905042853,3.441100398,3.280454801,20.02097107,12.00574941,70.88828946,around_synapse
146,4.600513978,22.34849441,6.927011912,8.584640598,1.368234109,2.795851826,3.933370319,18.56137767,9.535284665,65.68631772,around_synapse
147,4.414924356,22.43862163,6.647180985,7.963096169,2.142294154,2.565726003,4.150604672,17.56678811,9.009459777,71.99462144,around_synapse
148,6.797978204,23.7487581,7.601619892,9.642436837,1.998208888,3.127115537,3.411111589,15.05502627,8.784457581,71.10542929,around_synapse
149,4.87360275,19.85424815,6.612398536,8.947681784,1.789582129,2.349643319,3.284251749,22.07652776,8.514624358,58.78579354,around_synapse
150,9.610339506,23.19889169,8.738103255,9.95072888,2.275112871,2.99661004,3.091617565,17.26511007,7.93912611,87.90292636,around_synapse
151,4.799211815,21.72755714,7.550646618,8.313242909,2.122853535,2.622711968,3.834831267,15.41500803,9.454509744,76.18303234,around_synapse
152,5.227144392,22.51793503,7.479229639,9.328991461,2.025097885,2.646147396,4.473591662,16.28867749,10.05311958,76.11481928,around_synapse
153,16.69165933,27.18407242,7.519204832,12.21892536,1.981049446,2.955653441,2.680910271,18.92472946,10.89583891,76.7086729,around_synapse
154,5.587481507,23.28416903,9.126396541,8.963100066,1.963477101,2.712280635,3.371584373,18.76120581,9.03075021,65.75645741,around_synapse
155,11.10405472,23.3359181,7.591619052,10.37189941,1.871149061,3.985104978,3.185106537,16.85537757,10.96773288,70.74840152,around_synapse
156,10.68624269,17.62790468,4.998823462,7.829107574,1.086293278,2.731633464,2.318495349,11.67495451,5.571232102,49.26473489,around_synapse
157,6.30709478,23.69366009,8.025095494,11.15152073,17.5878976,3.203046883,3.198195656,18.66892329,11.97390413,73.03839133,around_synapse
158,2.865939842,13.18449223,4.955433969,5.497205501,0.17627949,1.743450923,1.992247815,12.52320837,6.8196315,40.78972384,around_synapse
159,5.291010643,22.78512158,6.986148575,10.47169135,3.295299906,2.602935925,3.546069916,20.12874244,10.67932402,69.59498313,around_synapse
160,5.426385063,22.00083537,7.563623132,9.389905207,4.187796526,3.013025616,4.421073902,21.32566431,12.79441113,75.12008182,around_synapse
161,4.684723214,19.14625917,7.45880735,8.836283713,13.72383062,2.502452272,2.162414691,14.06215919,7.295125781,70.55675866,around_synapse
162,16.14908157,24.77148936,7.179506555,13.4298533,2.800391861,2.903696849,2.40516513,17.05228181,8.610755599,68.11137655,around_synapse
163,15.38087171,22.77250479,7.928252077,11.9950657,1.965960106,3.105583756,2.561496701,14.97868698,8.210911018,59.93108271,around_synapse
164,6.302682306,13.77960339,4.366357478,8.362609683,14.72152441,2.160470142,1.77214242,10.25523179,5.126083162,48.15724434,around_synapse
165,11.46728367,21.63087596,7.244758896,11.03358713,2.039197389,2.819676847,3.072627935,20.6618599,8.10783551,66.82745525,around_synapse
166,7.911825802,23.1729248,7.339801104,11.74371636,10.52965577,3.007273652,3.355201319,16.1643375,8.244050352,76.57311037,around_synapse
167,14.33606123,24.86718121,6.971391808,11.079002,1.897548011,2.779435063,3.149653097,14.74970312,7.681007607,63.91178763,around_synapse
168,18.29048535,28.72455617,7.642361908,15.54018962,1.579079941,4.216413663,2.473254483,16.00341324,8.522771114,83.55227942,around_synapse
169,5.240348207,23.17878278,7.465001445,10.71282551,1.954933737,2.911832976,2.390310938,14.04654074,8.221389682,74.43000856,around_synapse
170,4.936556219,23.65888472,7.524536895,14.1445537,2.181996026,2.9924207,3.095391343,14.8437709,8.636041957,73.59514973,around_synapse
171,4.843576761,23.66277109,7.822127702,16.57301338,2.384003475,2.895275709,3.065973285,14.69418441,9.064275612,72.46265333,around_synapse
172,9.715569698,23.39681679,8.416498033,12.63819097,1.554620277,2.995618361,2.426126444,14.09145396,9.215714241,80.64654117,around_synapse
173,4.184709752,19.57119455,5.689707825,7.799983562,1.433376271,2.336969584,2.266557976,12.13827742,7.374690366,56.22816833,around_synapse
174,6.871825898,19.61125579,6.251974607,8.844027076,2.252035108,2.206498141,1.945848239,11.36990215,6.249178416,43.08740355,around_synapse
175,3.68191171,21.61761342,5.800631171,7.728925053,1.612753517,2.363197775,3.140145138,28.27664198,8.591018207,64.48173727,around_synapse
176,5.393591853,16.19862195,4.762560581,6.871143251,1.224477732,1.885324202,2.855999388,14.03088715,6.932791934,49.79086381,around_synapse
177,7.572291376,25.41698197,6.671589634,11.79679511,7.176659269,3.302899931,3.171637106,19.934714,8.886344506,70.47782397,around_synapse
178,6.247794301,25.78192135,7.277881934,11.80431206,1.781078178,3.28109164,3.038585915,14.7351978,8.724072232,72.36102042,around_synapse
179,6.387643976,23.58125092,7.502210659,9.838448316,1.97194093,3.557265982,2.744992716,15.60967985,8.199832925,71.88747818,around_synapse
180,4.35365864,21.76227412,7.696512686,8.559575837,1.83247812,2.884349244,2.682718033,17.76623913,9.608473909,71.49413892,around_synapse
181,3.250694444,21.70992565,7.532053489,9.239149704,1.992866162,2.862225793,3.477966534,19.7367979,10.42543235,79.33032918,around_synapse
182,17.66483586,27.73372551,8.979182609,17.09840386,2.594671462,3.028702428,2.933375421,21.39526196,8.914321243,86.3771082,around_synapse
183,7.491344155,13.87306461,3.96385812,5.732552801,1.188719582,1.672434573,1.218891886,8.119300645,3.968066875,37.71033169,around_synapse
184,38.71669265,29.23610792,8.659725411,16.31382799,1.57034837,3.615794944,2.400485282,18.53541093,7.300047508,76.36040088,around_synapse
185,8.065893928,23.14122496,8.105122493,11.0278628,2.200160981,3.238189981,2.790474895,18.15633113,9.08452298,78.31675268,around_synapse
186,5.790417591,21.78905772,7.77449208,9.909354753,2.040511651,3.336784034,2.995959437,20.16297922,9.848566951,76.83565293,around_synapse
187,5.223422497,20.80823456,7.09492583,8.404289103,1.545714581,2.438055499,3.155153527,18.92507992,8.023342289,71.2327597,around_synapse
188,2.610003125,14.50971202,5.447387384,5.813529869,2.906024417,2.071820637,1.831712804,9.74628705,5.691710348,51.22294441,around_synapse
189,4.779482961,23.67309203,7.480656311,10.01221814,2.285279563,2.85828997,3.132388914,18.12994018,9.490615116,71.85803681,around_synapse
190,15.58079887,22.68359521,7.962069488,10.81772268,2.399001944,2.706367831,2.883934746,15.40992557,8.305639872,75.04698925,around_synapse
191,5.428078484,22.34448795,8.478393645,8.734212212,4.552679574,2.842363733,2.891330533,18.02010141,7.34338262,78.8288362,around_synapse
192,4.358363376,22.69279708,8.674907748,12.01635817,2.158197435,3.415990715,2.751074862,19.34665255,7.722110981,77.78054323,around_synapse
193,4.94492838,21.75631597,7.661297317,8.52327852,2.104940397,2.803067856,2.61760067,19.85357149,8.071375228,71.70458584,around_synapse
194,6.015328651,22.99306193,7.418312615,11.0202006,2.394093857,2.759430727,3.496550805,18.21578297,10.06318304,68.01657286,around_synapse
195,14.32120957,21.28744388,6.74250778,9.21752436,1.435494465,2.434794919,2.437234083,14.81268557,8.955996837,65.26561958,around_synapse
196,5.00787037,20.83637575,6.146468473,7.639965947,1.717916539,2.311667177,2.407128737,14.35200107,8.214854352,61.54744031,around_synapse
197,3.47448363,19.643882,6.340642058,6.854695949,1.12970695,2.119383545,4.989552246,16.70281094,9.127837721,56.50482413,around_synapse
198,4.939225306,23.48742263,7.581445771,10.42393421,1.733040988,2.703182924,3.299880114,18.16084172,8.568077662,68.11495284,around_synapse
199,3.805416681,15.11865711,4.619938867,6.270439383,0.959960151,1.67202964,1.730996837,12.23815384,7.078333135,44.69495956,around_synapse
200,4.096562213,18.01613802,5.467070324,7.195948755,1.47188616,1.982819993,2.308992067,11.98127423,6.23982438,50.43159116,around_synapse
201,5.259397,21.93913886,7.142743087,10.35472146,2.035642409,2.650878099,2.546844072,14.52099531,8.116206254,63.77253533,around_synapse
202,15.47592593,28.02591955,7.717033976,10.64281068,6.380544077,2.821278441,2.615641899,15.96098294,8.41439649,77.29483088,around_synapse
203,3.473314266,20.56886255,6.45983589,7.631422336,1.60333767,2.622323296,3.680226348,16.33437835,8.919968307,58.76416868,around_synapse
204,19.46251871,27.9234524,9.022740027,12.57543094,2.090936016,2.938788134,2.296128371,17.24803662,6.295083268,79.02116352,around_synapse
205,5.960326912,23.88788134,7.263153154,9.058669874,1.916490505,3.092401286,3.320273441,13.72859035,8.495962625,76.6008722,around_synapse
206,6.985463856,23.35297865,8.009157229,10.92140598,2.157605091,2.932586598,3.975051015,17.89665021,11.29067888,63.72344978,around_synapse
207,5.673507168,22.87875727,7.281124375,9.926462861,5.962473217,2.878356163,2.568764667,14.38041463,8.588315606,74.53336394,around_synapse
208,5.269499923,23.27187851,8.698588154,11.20796602,2.169834711,2.952570529,2.716965106,15.71026426,7.559079431,84.0422036,around_synapse
209,11.40902634,25.33555807,7.760759425,11.3125558,2.337987673,3.024333454,3.593989931,18.64878823,9.356668006,83.19873211,around_synapse
210,15.15320503,27.8114502,7.040673464,10.65474027,1.886716757,2.845994669,2.214773206,15.56189101,7.133329029,64.0630803,around_synapse
211,7.784514335,24.99744796,7.767104122,11.56671449,2.179372003,2.738504362,2.488966687,15.02812787,8.793723217,76.80430568,around_synapse
212,5.294735869,22.66246301,8.111215692,9.324463703,2.14659346,3.221534792,2.296866391,16.44869784,8.941687073,77.33894564,around_synapse
213,5.175996072,22.95229696,7.507941154,9.84853969,1.952942939,2.958206433,3.683434088,18.21968485,10.00004209,71.74514463,around_synapse
214,14.07630811,24.28570356,7.295475093,11.40517478,2.165026386,2.967332557,2.849148046,18.8947195,11.46719297,71.67212104,around_synapse
215,5.656379309,22.33092357,7.827083262,12.26413405,2.034831338,3.263805989,2.817872184,17.35391088,9.270215483,70.01777809,around_synapse
216,6.523911959,26.78553209,7.257708255,9.842366567,2.117453293,3.033721757,2.94625761,15.21065453,9.327409901,69.32534095,around_synapse
217,5.117817059,23.90393646,8.238744771,11.16224429,2.050813055,3.178864402,3.73725704,16.10720398,10.45059624,84.66011759,around_synapse
218,3.017504591,11.47002999,4.253554768,6.166590144,1.139660494,1.818870523,1.981807412,8.296003667,4.265409425,40.44435871,around_synapse
219,2.826865031,14.07066102,3.985918387,4.898423772,1.134870733,1.753935965,2.462934621,10.80520695,5.392845401,37.47950039,around_synapse
220,5.753996722,19.8620804,6.969123049,10.70708745,1.641820669,3.31722608,3.094643563,15.49956478,7.347812086,63.41863553,around_synapse
221,2.904776936,15.81348906,5.05927839,6.283755484,1.385322926,2.410387971,1.954584991,16.43617871,7.292444649,40.23121493,around_synapse
222,7.252052653,25.16985299,7.257391536,11.21658575,9.910243711,3.034855429,2.878133892,14.48574409,8.126831587,70.66935559,around_synapse
223,5.308838862,21.72121308,8.476017275,10.16493853,16.19335001,2.947271006,2.489828047,14.68377828,6.740098268,85.80529331,around_synapse
224,5.708932762,12.95649132,4.255964224,6.384579015,0.911529618,1.56622411,1.188758982,13.68886375,4.358342625,40.45031757,around_synapse
225,20.58810576,24.37856742,5.08338469,10.85186062,1.080304533,2.734812159,2.976452271,15.25900999,5.879955307,49.73590443,around_synapse
226,20.59064187,22.67726983,5.311067019,9.324404762,0.991733918,1.89092646,1.516099042,14.01518714,5.719368509,45.66254253,around_synapse
227,2.197662388,12.35197062,4.33372631,5.143271414,0.36751591,1.53650058,1.231763659,9.5528932,4.71127707,44.2424091,around_synapse
228,4.749679738,24.93857203,7.11743983,9.697915604,1.756005623,2.798992308,3.498784138,22.54820228,12.30310328,73.22426921,around_synapse
229,6.904136058,23.39437175,8.907684165,9.989555275,2.087363534,3.094464851,3.724974492,17.95507793,8.969659346,92.89819661,around_synapse
230,7.889941077,20.24635321,6.11706873,7.240287184,1.515855366,2.422986972,1.965647638,12.81958394,6.514389476,63.26406107,around_synapse
231,5.001077696,24.01726723,7.797721888,11.63042249,1.113549213,3.054083909,2.562205245,17.81180067,11.49069256,73.26044182,around_synapse
232,3.914280112,14.90175827,5.850056754,6.339480665,1.455473294,1.940632652,1.841972439,12.21366203,5.433582192,54.37223083,around_synapse
233,6.38713285,22.17325958,7.972132149,13.47679605,1.868471648,3.765320503,3.288368215,15.18450525,8.109898703,68.01386896,around_synapse
234,4.54608515,17.42802747,6.084696573,8.715615753,1.498124483,2.514311181,2.156051962,11.46907345,6.758122754,56.0143126,around_synapse
235,4.614463235,23.17109578,7.185182351,9.95065838,1.930339449,3.052691619,2.477828935,18.05144954,8.144949778,66.64101807,around_synapse
236,5.145040434,13.75352608,5.221396755,6.395505151,20.12605219,2.323431487,2.255777016,11.3417308,7.412400293,53.35711154,around_synapse
237,4.631796637,22.66748587,6.654739358,8.214633939,2.637528559,2.388052148,3.934223184,23.48118837,10.4684619,74.29255351,around_synapse